PostNumber,PostLink,Title,Author,Total_Replies,Total_Weight,Symptom,Treatment,Bodypart
1,https://www.medhelp.org/posts/Coronavirus/COVID-19-Evaluating-the-risk/show/3063200,covid vaccines and neuropathy,cue @cue,146,7350,"['Palmar-plantar erythrodysesthesia syndrome', 'Carpal Tunnel Syndrome', 'Cancer-Associated Retinopathy', 'Coronavirus Infections', 'Acute gastroenteritis', 'Congenital Thrombotic Thrombocytopenic Purpura', 'Gonorrhea', 'Geroderma osteodysplastica', 'Sexually Transmitted Diseases', 'Osteoporosis with pseudoglioma', 'Lung Diseases, Obstructive', 'Gray Platelet Syndrome', 'Disease', 'Pain', 'rundown', None, None, None, None, None, None, None, None, None, None]","[None, None, None, None, None, None, None, None, None, None, None, None, None, None, None, 'Childhood Immunization', 'Surgical repair', 'cisplatin/etoposide/mitoxantrone/tamoxifen protocol', 'answer questions', None, None, None, None, None, None]",[None]
2,https://www.medhelp.org/posts/Coronavirus/Loss-of-smell-and-taste/show/3062743,lets go walking! join me for a virtual walking support group,"becky, volunteer mentor @becsbuddy",300,15025,"['Gonorrhea', 'Geroderma osteodysplastica', ""Little's Disease"", 'cold symptoms', 'Lung Diseases, Obstructive', 'Testicular regression syndrome', 'PROGRESSIVE ENCEPHALOMYELITIS WITH RIGIDITY', 'Anosmia', None, None, None, None, None, None, None, None, None, None, None, None, None, None]","[None, None, None, None, None, None, None, None, 'Modest-Temperature Hyperthermia', 'Toothbrushing', 'cisplatin/etoposide/mitoxantrone/tamoxifen protocol', 'Scraping', 'Therapeutic procedure', 'Osteogenesis, Distraction', None, None, None, None, None, None, None, None]",[None]
3,https://www.medhelp.org/posts/Coronavirus/IgM-and-IgG-antibody-test-for-Covid/show/3062742,to vaccinate or not to vaccinate? that is the question.,silverwoman @silverwoman,300,15016.66667,"['Gonorrhea', 'Geroderma osteodysplastica', 'Communicable Diseases', 'Chronic otitis media', 'SHORT STATURE, IDIOPATHIC, X-LINKED', 'Lung Diseases, Obstructive', 'Herpes', 'organic disorders', 'AICARDI-GOUTIERES SYNDROME 1', 'Coronavirus Infections', 'PROGRESSIVE ENCEPHALOMYELITIS WITH RIGIDITY', 'Disease', 'Fever with chills', 'Generalized fatigue', 'Fatigue', 'Sore to touch', None, None, None, None, None, None, None, None, None, None, None, None]","[None, None, None, None, None, None, None, None, None, None, None, None, None, None, None, None, 'Antiretroviral therapy', 'Expulsion (procedure)', 'cisplatin/etoposide/mitoxantrone/tamoxifen protocol', 'Assisted Reproductive Technologies', 'bleomycin/methotrexate/vincristine protocol', 'Isolation procedure', 'Therapeutic procedure', 'Visceral manipulation', 'Anchoring procedure', None, None, None]",[None]
4,https://www.medhelp.org/posts/Coronavirus/How-to-know-if-its-cold--flu-vs-corona/show/3058018,pmr and corona virus (covid-19) vaccine,ncgal @ncgal,292,14612.5,"['Gonorrhea', 'Geroderma osteodysplastica', 'Allergic disposition', 'Communicable Diseases', 'Diabetes', 'Common Cold', 'Influenza', 'SHORT STATURE, IDIOPATHIC, X-LINKED', 'Lung Diseases, Obstructive', 'Coronavirus Infections', 'Pancreatitis', 'Rhinorrhea', 'Anosmia', 'Coughing', 'Asthenia', 'Dyspnea', None, None, None, None, None, None, None, None, None, None]","[None, None, None, None, None, None, None, None, None, None, None, None, None, None, None, None, 'Treated with', 'Quarantine', 'cisplatin/etoposide/mitoxantrone/tamoxifen protocol', 'Incision and drainage', 'bleomycin/methotrexate/vincristine protocol', 'Therapeutic procedure', 'Osteogenesis, Distraction', 'Cardiac Lead Procedure', None, None]",[None]
5,https://www.medhelp.org/posts/Coronavirus/Mouthwash-research/show/3062281,what's outside of your picture window today?,"john, volunteer mentor @johnbishop",134,6710,"['Blind Vision', 'Gonorrhea', 'Geroderma osteodysplastica', 'Idiopathic Multicentric Osteolyses', 'Carpal Tunnel Syndrome', 'Influenza', 'SHORT STATURE, IDIOPATHIC, X-LINKED', 'Hyperostosis, Diffuse Idiopathic Skeletal', 'PREMATURE CHROMATID SEPARATION TRAIT', 'Halitosis', None, None, None, None, None, None, None, None, None, None, None, None, None, None, None, None]","[None, None, None, None, None, None, None, None, None, None, 'Single Embryo Transfer', 'Immobilization', 'Cardiovascular Surgical Procedures', 'cisplatin/etoposide/mitoxantrone/tamoxifen protocol', 'Reduction - action', 'Cardiac Lead Procedure', None, None, None, None, None, None, None, None, None, None]",[None]
6,https://www.medhelp.org/posts/Coronavirus/How-are-diseases-spread/show/3062274,covid-19 and transplant patients,jolinda @jolinda,300,15008.33333,"['Communicable Diseases', 'Influenza', 'Lung Diseases, Obstructive', 'Encephalopathy, Bovine Spongiform', 'Coronavirus Infections', None, None, None, None]","[None, None, None, None, None, 'Adoptive Immunotherapy', 'cisplatin/etoposide/mitoxantrone/tamoxifen protocol', None, None]",[None]
7,https://www.medhelp.org/posts/Coronavirus/Gum-Disease-linked-to-Higher-death-rate-with-Covid-19/show/3062949,hydroxicloriquine-lupus-prednisone & covid19 vaccine?,darlia @darlia,12,607.1428571,"['Gonorrhea', 'Geroderma osteodysplastica', 'Communicable Diseases', 'Carotid Artery Diseases', 'Gum Infection', 'Gingival Diseases', 'Myocardial Infarction', 'Lung Diseases, Obstructive', 'Infection of tooth', 'Dental caries', 'Acute gastroenteritis', 'Disease', 'Pain', 'Asthenia', None, None, None, None, None, None, None, None, None, None, None, None, None, None, None, None]","[None, None, None, None, None, None, None, None, None, None, None, None, None, None, 'Extraction', 'Root Canal Therapy', 'Surgical and medical procedures', 'Interventional procedure', 'cisplatin/etoposide/mitoxantrone/tamoxifen protocol', 'Therapeutic radiology procedure', None, None, None, None, None, None, None, None, None, None]",[None]
8,https://www.medhelp.org/posts/Coronavirus/Quarantine-time-for-COVID19/show/3062880,aiha hemolytic autoimmune anemia and covid-19 vaccine reactions,gailiebird @gailiebird,10,506.25,"['Congenital Thrombotic Thrombocytopenic Purpura', 'Communicable Diseases', ""Little's Disease"", 'Secondary Infections', 'PREMATURE CHROMATID SEPARATION TRAIT', 'Metabolic Diseases', 'Actual Inability To Taste', 'Other symptoms', None, None, None, None, None, None, None, None, None]","[None, None, None, None, None, None, None, None, 'Modest-Temperature Hyperthermia', 'Treated with', 'Quarantine', 'cisplatin/etoposide/mitoxantrone/tamoxifen protocol', 'Isolation procedure', 'Release (procedure)', 'disorder control (procedure)', 'Cardiac Lead Procedure', None]",[None]
9,https://www.medhelp.org/posts/Coronavirus/Gout-drug-colchicine-in-Covid-trial-will-publish-results-this-week/show/3062594,doc's office postponed mammogram,fiesty76 @fiesty76,12,605.5555556,"['Gout', None, None, None]","[None, 'Procedures involving the use of pharmaceuticals', 'Therapeutic procedure', None]",[None]
10,https://www.medhelp.org/posts/Coronavirus/Antibodies-test-offered-by-local-pharmacy-Assure-shows-mixed-results/show/3062654,vaccine efficacy for those with chronic anxiety and mental illness,tykehome @tykehome,24,1205,"['Gonorrhea', 'Geroderma osteodysplastica', 'Acute gastroenteritis', 'AICARDI-GOUTIERES SYNDROME 1', 'Anosmia', None, None, None, None, None, None, None, None, None, None]","[None, None, None, None, None, 'Modest-Temperature Hyperthermia', 'cisplatin/etoposide/mitoxantrone/tamoxifen protocol', 'Incision and drainage', 'bleomycin/methotrexate/vincristine protocol', 'answer questions', 'Vaccination', 'Presence', 'Detection', 'Visceral manipulation', None]",[None]
11,https://www.medhelp.org/posts/Coronavirus/Can-Immune-dysfunction-after-covid-lead-to-immunodifiency/show/3062581,are there medicines that should be paused before covid vaccine?,olduncledave @olduncledave,20,1004.545455,"['Gonorrhea', 'Geroderma osteodysplastica', None, None]","[None, None, 'cisplatin/etoposide/mitoxantrone/tamoxifen protocol', None]",[None]
12,https://www.medhelp.org/posts/Coronavirus/2-second-with-other-person-no-mask-i-had-double-mask/show/3062395,covid-19 and feeling helpless,marjou @marjou,28,1404.166667,"['Gonorrhea', 'Geroderma osteodysplastica', 'Adynamic bone disease', 'Cancer-Associated Retinopathy', 'gastrointestinal gas', None, None, None, None, None, None, None, None, None, None, None, None, None]","[None, None, None, None, None, 'Obstetric Delivery', 'Adoptive Immunotherapy', 'Incision and drainage', 'Calming', None, None, None, None, None, None, None, None, None]",[None]
13,https://www.medhelp.org/posts/Coronavirus/If-we-properly-protect-ourselves-from-COVID-19-can-we-still-catch-the-common-cold/show/3061897,should mayo patients report their vaccine to mayo?,laurie @roch,6,303.8461538,"['Common Cold', 'Influenza', 'Lung Diseases, Obstructive', 'Coronavirus Infections', 'Seizures', None, None, None, None]","[None, None, None, None, None, 'Inoculation', 'cisplatin/etoposide/mitoxantrone/tamoxifen protocol', 'bleomycin/methotrexate/vincristine protocol', None]",[None]
14,https://www.medhelp.org/posts/Coronavirus/When-to-take-rapid-test/show/3061917,help find a vaccine for covid-19,"merry, volunteer mentor @merpreb",58,2903.571429,"['Chronic Obstructive Airway Disease', None, None, None, None, None, None, None, None, None]","[None, '5 minutes Office visit', 'Anterior decompression of shoulder joint', 'Quarantine', 'Percutaneous Coronary Intervention', 'cisplatin/etoposide/mitoxantrone/tamoxifen protocol', 'bleomycin/methotrexate/vincristine protocol', 'Orthokeratology', None, None]",[None]
15,https://www.medhelp.org/posts/Coronavirus/Corona-change-my-body-/show/3061932,covid vaccine re-prioritization in california - type 2 diabetes,yakoubou @yakoubou,4,203.3333333,"['Gonorrhea', 'Geroderma osteodysplastica', 'organic disorders', 'PROGRESSIVE ENCEPHALOMYELITIS WITH RIGIDITY', 'Coronavirus Infections', 'Disease', 'digestive problem', 'Cardiovascular symptoms', 'Fatigue', 'Abnormal breathing', None, None, None, None, None, None, None]","[None, None, None, None, None, None, None, None, None, None, 'Modest-Temperature Hyperthermia', 'Antiretroviral therapy', 'cisplatin/etoposide/mitoxantrone/tamoxifen protocol', 'Assisted Reproductive Technologies', 'Incision and drainage', None, None]",[None]
16,https://www.medhelp.org/posts/Coronavirus/Covid-Again---cant-believe-this-/show/3061731,83 yr old mom all alone,beast66 @beast66,36,1803.125,"['Gonorrhea', 'Geroderma osteodysplastica', 'Smallpox', 'Pseudohypoparathyroidism', 'Communicable Diseases', 'Pharyngitis', 'Immune System Diseases', 'Pseudohypoparathyroidism, Type Ia', 'Influenza', 'Phlebotomus Fever', 'Wolf-Hirschhorn Syndrome', 'AICARDI-GOUTIERES SYNDROME 1', 'Blue - symptom', 'Fatigue', 'Sore Throat', 'Headache', None, None, None, None, None, None, None, None, None, None, None, None, None, None]","[None, None, None, None, None, None, None, None, None, None, None, None, None, None, None, None, 'Modest-Temperature Hyperthermia', 'Childhood Immunization', 'Ligamentous articular strain technique', 'Percutaneous Coronary Intervention', 'cisplatin/etoposide/mitoxantrone/tamoxifen protocol', 'Primary operation', 'Reminding', 'bleomycin/methotrexate/vincristine protocol', 'Release (procedure)', 'Discussion (procedure)', None, None, None, None]",[None]
17,https://www.medhelp.org/posts/Coronavirus/Interview-with-Pfizer-CEO/show/3061954,mesenteric panniculitis and the covid vaccine,beckymel @beckymel,2,102.9411765,"['Gonorrhea', 'Geroderma osteodysplastica', 'Pallister-Hall syndrome', 'Periodic Alternating Nystagmus', 'Carpal Tunnel Syndrome', 'Chronic otitis media', 'Influenza due to Influenza A virus subtype H1N1', 'Lung Diseases, Obstructive', 'Polyarteritis Nodosa', 'Tropical Disease', 'Coronavirus Infections', 'Curb', 'Signs and Symptoms', None, None, None, None, None, None, None, None, None, None, None, None, None]","[None, None, None, None, None, None, None, None, None, None, None, None, None, 'Modest-Temperature Hyperthermia', 'Booster', 'Physical therapy', 'Injection of therapeutic agent', 'cisplatin/etoposide/mitoxantrone/tamoxifen protocol', 'cyclophosphamide/methotrexate/prednisone/vincristine protocol', 'bleomycin/methotrexate/vincristine protocol', 'Vaccination', 'Procedures involving the use of pharmaceuticals', 'Discussion (procedure)', None, None, None]",[None]
18,https://www.medhelp.org/posts/Coronavirus/Need-help-understanding-why-I-got-a-Negative-COVID-test/show/3061513,"new information on (clear) masks, for people with hearing loss",arrowshooter @arrowshooter,42,2102.777778,"['Gonorrhea', 'Geroderma osteodysplastica', 'Temporohyoid osteoarthropathy', 'Allergic disposition', 'Communicable Diseases', 'MAMMARY-DIGITAL-NAIL SYNDROME', 'Pharyngitis', 'Common Cold', 'SHORT STATURE, IDIOPATHIC, X-LINKED', 'Influenza', 'Coronavirus Infections', 'Rhinorrhea', 'BODY PAIN', 'Signs and Symptoms', 'Fatigue', 'Sore Throat', 'Headache', 'Coughing', None, None, None, None, None, None, None, None, None]","[None, None, None, None, None, None, None, None, None, None, None, None, None, None, None, None, None, None, 'Quarantine', 'Percutaneous Coronary Intervention', 'cisplatin/etoposide/mitoxantrone/tamoxifen protocol', 'Incision and drainage', 'Trans-hiatal esophagectomy', 'bleomycin/methotrexate/vincristine protocol', 'Release (procedure)', None, None]",[None]
19,https://www.medhelp.org/posts/Coronavirus/Symptoms-of-Covid-usually-follow-a-specific-order/show/3061481,covid-19 vaccination & epilepsy,fbutterw20 @fbutterw20,6,302.6315789,"['Communicable Diseases', 'Severe Acute Respiratory Syndrome', 'Influenza', 'Lung Diseases, Obstructive', 'Disease', 'Arthralgia', 'Actual Inability To Taste', 'Anosmia', 'Diarrhea', 'Vomiting', 'Nausea', 'Myalgia', 'Coughing', None, None, None]","[None, None, None, None, None, None, None, None, None, None, None, None, None, 'Imbrication (procedure)', 'Osteogenesis, Distraction', None]",[None]
20,https://www.medhelp.org/posts/Coronavirus/Should-we-feel-safe-around-our-family-at-Christmas/show/3062005,how long will i continue to test positive?,zrkat21 @zrkat21,10,502.5,"['Gonorrhea', 'Geroderma osteodysplastica', 'Sexually Transmitted Diseases', 'Lung Diseases, Obstructive', 'Acute gastroenteritis', None, None]","[None, None, None, None, None, 'cisplatin/etoposide/mitoxantrone/tamoxifen protocol', None]",[None]
21,https://www.medhelp.org/posts/Coronavirus/How-safe-is-airline-travel/show/3056946,covid19 id cards,flcipriano44 @flcipriano44,6,302.3809524,"['Tachycardia, Ectopic Junctional', 'Multi-infarct dementia', 'Communicable Diseases', 'Subacute thyroiditis', 'Carpal Tunnel Syndrome', 'Influenza', 'Chronic articular rheumatism', 'Gerstmann-Straussler-Scheinker Disease', 'Testicular regression syndrome', 'Coronavirus Infections', 'Pyotraumatic dermatitis', 'Gonorrhea', 'Geroderma osteodysplastica', 'Oculocerebrocutaneous syndrome', 'Osteochondritis Dissecans', 'Chronic otitis media', 'Lung Diseases, Obstructive', 'Diabetic Autonomic Neuropathy', 'Gray Platelet Syndrome', 'Mass of body region', 'gastrointestinal gas', 'Flare', 'Catch - Finding of sensory dimension of pain', 'Coughing', None, None, None, None, None, None, None, None, None, None, None, None, None, None, None, None, None, None, None, None, None, None, None, None, None, None, None, None, None, None, None, None]","[None, None, None, None, None, None, None, None, None, None, None, None, None, None, None, None, None, None, None, None, None, None, None, None, 'Transjugular intrahepatic portosystemic shunt procedure', 'Induced abortion (procedure)', 'Quarantine', 'Work conditioning', 'Coronary Artery Bypass Surgery', 'Incision and drainage', 'Tannenbaum electroanalgesia method', 'prevention of disorder', 'Crushing procedure', 'Osteogenesis, Distraction', 'Removal by grinding', 'Cardiac Lead Procedure', 'Modest-Temperature Hyperthermia', '5 minutes Office visit', 'Obstetric Delivery', 'nursing therapy', 'Total shoulder replacement', 'Therapeutic tactile stimulation', 'Adoptive Immunotherapy', 'cisplatin/etoposide/mitoxantrone/tamoxifen protocol', 'Surgical construction', 'Direct Method', 'Orthokeratology', None, None, None, None, None, None, None, None, None]",[None]
22,https://www.medhelp.org/posts/Coronavirus/Need-advice/show/3062098,lock down from covid and depression,susu2 @susu2,22,1102.272727,"['Pharyngitis', 'Influenza', 'Anosmia', 'slight fever', 'Multiple symptoms', 'Sore Throat', None, None, None, None, None, None, None, None]","[None, None, None, None, None, None, 'Obstetric Delivery', 'Quarantine', 'Percutaneous Coronary Intervention', 'Adoptive Immunotherapy', 'cisplatin/etoposide/mitoxantrone/tamoxifen protocol', 'Isolation procedure', None, None]",[None]
23,https://www.medhelp.org/posts/Coronavirus/It-is-not-known-if-the-Covid-vaccine-prevents-infection-/show/3061496,double up your masks,"merry, volunteer mentor @merpreb",56,2802.173913,"['Smallpox', 'Communicable Diseases', 'Poliomyelitis', 'Carpal Tunnel Syndrome', 'Liver Abscess, Amebic', 'Measles', 'Erectile dysfunction', 'PROGRESSIVE ENCEPHALOMYELITIS WITH RIGIDITY', 'Gonorrhea', 'Geroderma osteodysplastica', 'Sexually Transmitted Diseases', 'Dysosteosclerosis', 'Communicable Diseases, Emerging', 'Lung Diseases, Obstructive', 'Strangles', 'Gray Platelet Syndrome', 'Mass of body region', 'Clouded consciousness', None, None, None, None, None, None, None, None, None, None, None, None, None, None, None, None, None]","[None, None, None, None, None, None, None, None, None, None, None, None, None, None, None, None, None, None, 'Inoculation', 'Placebos', 'Administration procedure', 'Therapeutic tactile stimulation', 'cisplatin/etoposide/mitoxantrone/tamoxifen protocol', 'Sterilization for infection control', 'Release (procedure)', 'HAC protocol', 'Procedures involving the use of pharmaceuticals', 'Orthokeratology', None, None, None, None, None, None, None]",[None]
24,https://www.medhelp.org/posts/Coronavirus/COVID-vaccine/show/3061307,covid-19 vaccination & epilepsy,fbutterw20 @fbutterw20,6,302.0833333,"['Gonorrhea', 'Geroderma osteodysplastica', 'Pulmonary Emphysema', 'Dysosteosclerosis', 'Osteoporosis with pseudoglioma', 'Alpha trait thalassemia', 'Carpal Tunnel Syndrome', 'Lung Diseases, Obstructive', 'Acute gastroenteritis', 'Disease', 'Gray Platelet Syndrome', None, None, None, None, None, 'Pulmonary Emphysema', 'Alpha trait thalassemia', 'Disease', None, None]","[None, None, None, None, None, None, None, None, None, None, None, 'nursing therapy', 'Placebos', 'Incision and drainage', 'cisplatin/etoposide/mitoxantrone/tamoxifen protocol', 'Procedures involving the use of pharmaceuticals', None, None, None, 'Placebos', 'Incision and drainage']",[None]
25,https://www.medhelp.org/posts/Coronavirus/Why-is-the-nasal-swab-for-coronavirus-so-deep/show/3061498,how long will i continue to test positive?,zrkat21 @zrkat21,10,502,"['Coronavirus Infections', 'Coughing', 'Pain', 'Clouded consciousness', None, None, None, None, None, None, None, None, None]","[None, None, None, None, 'Liquid diet', None, None, None, None, None, None, None, None]",[None]
26,https://www.medhelp.org/posts/Coronavirus/Is-rapid-testing-the-answer/show/3058376,covid19 id cards,flcipriano44 @flcipriano44,6,301.9230769,"['Mass of body region', None, None]","[None, '5 minutes Office visit', None]",[None]
27,https://www.medhelp.org/posts/Coronavirus/When-did-you-turn-positive-after-your-exposure/show/3062092,lock down from covid and depression,susu2 @susu2,22,1101.851852,"['Chronic disease', 'Coronavirus Infections', 'Asymptomatic Diseases', 'BODY ACHE', 'Lightheadedness', 'Chills', None, None, None, None, None]","[None, None, None, None, None, None, 'nursing therapy', 'Quarantine', 'Spatial guidance for medical procedure', None, None]",[None]
28,https://www.medhelp.org/posts/Coronavirus/Corona-Transmission-Risk-from-surfaces/show/3059159,double up your masks,"merry, volunteer mentor @merpreb",56,2801.785714,"['Pyotraumatic dermatitis', 'Coughing', None, None, None, None, None, None, None, None, None, None]","[None, None, 'Therapeutic tactile stimulation', None, None, None, None, None, None, None, None, None]",[None]
29,https://www.medhelp.org/posts/Coronavirus/Traveling-by-plane-with-baby-COVID-19/show/3058645,humor and fun chat diversions during the coronavirus crisis: join us,imallears @imallears,200,10001.72414,"['Communicable Diseases', 'Influenza', None, None, None]","[None, None, 'Quarantine', 'Incision and drainage', None]",[None]
30,https://www.medhelp.org/posts/Coronavirus/Fever-for-4-days-covid/show/3061310,how to get information about covid vaccine in your area [links only],"sue, volunteer mentor @sueinmn",24,1201.666667,"['Severe Acute Respiratory Syndrome', 'Pulmonary Emphysema', 'Pulmonary Fibrosis', 'Influenza', 'Papillon-Lefevre Disease', 'Dengue Fever', 'BODY ACHE', 'Sore Throat', 'Weakness', 'Chills', None, None]","[None, None, None, None, None, None, None, None, None, None, 'Incision and drainage', 'Urgent Procedure']",[None]
31,https://www.medhelp.org/posts/Coronavirus/Does-a-pneumonia-vaccination-make-the-illness-less-severe/show/3054130,no covid vaccines in mayo. waiting for supplies.,naiviv @naiviv,2,101.6129032,"['Secondary bacterial pneumonia', 'Smallpox', 'Communicable Diseases', 'Infectious disease of lung', 'Aspergilloma', 'Poliomyelitis', 'Pneumonia', 'Respiratory Tract Infections', 'Influenza', 'Mycoses', 'Pneumonia, Bacterial', 'Coronavirus Infections', 'Hemorrhagic Fever, Ebola', 'Trigger Finger Disorder', 'Bacterial Infections', 'Virus Diseases', 'primary infection nos', 'Sepsis', 'Mumps', 'Asthma', 'Secondary Infections', 'Disease', 'rundown', None, None, None, None, None, None]","[None, None, None, None, None, None, None, None, None, None, None, None, None, None, None, None, None, None, None, None, None, None, None, 'Injection of therapeutic agent', 'Vaccination', None, None, None, None]",[None]
32,https://www.medhelp.org/posts/Coronavirus/Can-you-get-covid-twice/show/3061356,interactions between sars-cov-2 variants?,armando @bolso1,10,501.5625,"['Communicable Diseases', 'Coinfection', 'Virus Diseases']","[None, None, None]",['Virus Diseases']
33,https://www.medhelp.org/posts/Coronavirus/NASAL-SWAB-AND-CFS-LEAK/show/3058827,copd and the covid 19 vaccine,ppr @ppr,8,401.5151515,"['Dermatologic disorders', 'Connective Tissue Diseases', None, None]","[None, None, 'Incision and drainage', None]",[None]
34,https://www.medhelp.org/posts/Coronavirus/Resources-Info---Prevention--High-Risk--Symptoms--Social-Distancing-and-Flattening-the-Curve/show/3053982,"can thymectomized patients receive vaccinations, specifically covid19?",pdietrich @pdietrich,14,701.4705882,"['Obesity', 'Hypertensive disease', 'Diabetes Mellitus', 'Lung diseases', 'Chronic disease', 'Kidney Diseases', 'Coronavirus Infections', 'Disease', None, None, None, None]","[None, None, None, None, None, None, None, None, 'Prophylactic treatment', None, None, None]",[None]
35,https://www.medhelp.org/posts/Coronavirus/Has-Covid-cause-your-depression-to-get-worse/show/3058897,crohn's and covid 19 shots is it safe,chaswach @chaswach,12,601.4285714,"['Hypertensive disease', 'Diabetes Mellitus', 'Asthma', 'Seizures', 'Signs and Symptoms', 'Coughing', 'Nervousness', None, None, None, None, None, None, None]","[None, None, None, None, None, None, None, 'Meditation Therapy', 'Incision and drainage', 'Isolation procedure', 'Exercise Pain Management', 'Therapeutic procedure', 'diabete system', 'Fitting of shoe']",[None]
36,https://www.medhelp.org/posts/Coronavirus/Covid-Home-kit-vs-Kaiser-Testing/show/3062095,vaccines,"merry, volunteer mentor @merpreb",102,5101.388889,"['Osteoporosis', 'Vitamin D Deficiency', 'Disease', 'Flushing', 'Clouded consciousness', None, None, None, None, None, None, None, None, None, None, None, None]","[None, None, None, None, None, 'Treated with', 'DRUGS', 'nursing therapy', 'Interventional procedure', 'Detection', 'Dietary Supplementation', 'Therapeutic procedure', 'Cardiac Lead Procedure', 'Peripheral Electronic Nerve Stimulation', None, None, None]",[None]
37,https://www.medhelp.org/posts/Coronavirus/Extra-Pounds-increases-your-odds-of-a-bad-Covid-19-Outcome/show/3058808,covid vaccine and shingrix shots,ronindoman @ronindoman,8,401.3513514,"['Obesity', 'Common Cold', 'Interstitial emphysema', 'Coronavirus Infections', 'Pyotraumatic dermatitis', 'Disease', 'Signs and Symptoms', 'Overweight', None, None, None, None, None, None, None, None, None, None, None, None, None]","[None, None, None, None, None, None, None, None, 'Injection of therapeutic agent', 'Incision and drainage', 'Prophylactic treatment', 'Special Diet Therapy', 'Exercise Pain Management', 'special diet', 'Insertion of pack (procedure)', None, None, None, None, None, None]",[None]
38,https://www.medhelp.org/posts/Coronavirus/Fever-reported-in-most-hospitalized-Covid-patients/show/3058647,anyone have insomnia as symptom of covid-19?,mkqq @mkqq,36,1801.315789,"['flu symptoms', 'Anorexia', 'Communicable Diseases', 'Infantile Neuroaxonal Dystrophy', 'Immune System Diseases', 'Macrophage Activation Syndrome', 'Influenza', 'Measles', 'Ageusia', 'BODY ACHE', 'Fatigue', 'Dry cough', 'Clouded consciousness', 'Dyspnea', None, None, None, None, None, None, None, None, None]","[None, None, None, None, None, None, None, None, None, None, None, None, None, None, 'DRUGS', 'Injection of therapeutic agent', 'Current Therapy', 'Incision and drainage', 'Detection', 'Therapeutic procedure', None, None, None]",[None]
39,https://www.medhelp.org/posts/Coronavirus/New-Coronavirus-Forum-Policy---Effective-Immediately/show/3062163,undetermined covid test,lmh963 @lmh963,10,501.2820513,"['Hepatic methionine adenosyltransferase deficiency', 'Communicable Diseases', 'Bone Cysts, Aneurysmal', None, None, None, None, None, None]","[None, None, None, 'Expression procedure', 'removal technique', 'Prophylactic treatment', 'Therapeutic procedure', 'Discussion (procedure)', None]",[None]
40,https://www.medhelp.org/posts/Coronavirus/Car-ride-and-covid/show/3058150,hypermobile joints/eds and covid,healthhopefreedom @healthhopefreedom,8,401.25,"['Communicable Diseases', 'Chromosome 2q32-Q33 Deletion Syndrome', 'Coronavirus Infections', 'Seizures', None, None, None, None, None]","[None, None, None, None, 'Quarantine', 'Incision and drainage', 'Spatial guidance for medical procedure', None, None]",[None]
41,https://www.medhelp.org/posts/Coronavirus/COVID-and-Holiday-Gatherings/show/3061435,without a vagus nerve & safety of getting covid19 vaccine,domernick @domernick,10,501.2195122,"['Disease', None]","[None, 'Incision and drainage']",[None]
42,https://www.medhelp.org/posts/Coronavirus/COVID-19/show/3054074,"questions about testing positive, quarantining with family members",shortney4 @shortney4,4,201.1904762,"['Communicable Diseases', 'Pharyngitis', 'Pneumonia', 'Common Cold', 'Comatose', 'Influenza', 'Chronic Obstructive Airway Disease', 'Coronavirus Infections', 'Obesity', 'Anorexia', 'Infantile Neuroaxonal Dystrophy', 'Lupus Erythematosus', 'Diabetes', 'Malaria', 'cold symptoms', 'Chromosome 2q32-Q33 Deletion Syndrome', 'Asthma attack', 'Disease', 'Flatulence', 'Seizures', 'Feeling strange', 'out (of) breath', 'Feeling Sick', 'Respiratory problems', 'Malaise', 'Fatigue', 'Signs and Symptoms, Respiratory', 'Tremor', 'Rhinorrhea', 'Single organ dysfunction', 'Ageusia', 'Illness (finding)', 'Nausea', 'Sore Throat', 'Abdominal bloating', 'Dry cough', 'Coughing', 'Decrease in appetite', 'Nightmares', 'Dyspnea', None, None, None, None, None, None, None, None, None, None, None, None, None, None, None, None, None, None, None, None, None, None, None, None, None, None, None, None, None]","[None, None, None, None, None, None, None, None, None, None, None, None, None, None, None, None, None, None, None, None, None, None, None, None, None, None, None, None, None, None, None, None, None, None, None, None, None, None, None, None, 'Quarantine', 'Supervision (regime/therapy)', 'Administration procedure', 'Incision and drainage', 'Steam inhalations', 'Procedures involving the use of pharmaceuticals', 'Cardiac Lead Procedure', 'cisplatin/ifosfamide/mesna/mitomycin protocol', 'DRUGS', 'Treatment Protocols', 'Therapeutic tactile stimulation', 'cisplatin/etoposide/mitoxantrone/tamoxifen protocol', 'Isolation procedure', 'Surgical shortening - action', 'Exercise Pain Management', 'Therapeutic procedure', None, None, None, None, None, None, None, None, None, None, None, None, None]",[None]
43,https://www.medhelp.org/posts/Coronavirus/Conflicting-information-on-corona-on-surfaces-/show/3057629,"""air"" full head protective mask",rseitzberg @rseitzberg,8,401.1627907,"['Communicable Diseases', 'Ataxia Telangiectasia', 'Cerebellar decompression injury', 'Common Cold', 'Influenza', 'Chronic disease', 'Coronavirus Infections', 'Genital infection', 'Disease', 'Upset stomach', 'Catch - Finding of sensory dimension of pain', 'Coughing', 'Exhaustion', None, None, None, None, None, None, None, None, None, None, None, None, None, None, None, None, None, None, None]","[None, None, None, None, None, None, None, None, None, None, None, None, None, 'Soaking Procedure', 'Physical therapy', 'Obstetric Delivery', 'Quarantine', 'Therapeutic tactile stimulation', 'Influenza vaccination', 'Incision and drainage', 'Sterilization for infection control', 'Exercise Pain Management', None, None, None, None, None, None, None, None, None, None]",[None]
44,https://www.medhelp.org/posts/Coronavirus/COVID-and-blood-type/show/3062254,how to keep moving when you can't go out to walk or get to the gym,"sue, volunteer mentor @sueinmn",58,2901.136364,"['Coronavirus Infections', 'Signs and Symptoms', None, None]","[None, None, 'Therapeutic procedure', None]",[None]
45,https://www.medhelp.org/posts/Coronavirus/Are-you-wearing-a-mask-Thoughts-on-them/show/3054571,should you fly home to get the vaccine when its your turn?,jeannettepma5 @jeannettepma5,14,701.1111111,"['Allergic disposition', 'Infantile Neuroaxonal Dystrophy', 'Severe Acute Respiratory Syndrome', 'Cardiac Arrest', 'Upper Respiratory Infections', 'Coronavirus Infections', 'HEART PROBLEM', 'Catch - Finding of sensory dimension of pain', 'Coughing', 'Lightheadedness', None, None, None, None, None, None, None, None, None]","[None, None, None, None, None, None, None, None, None, None, 'Transjugular intrahepatic portosystemic shunt procedure', 'Obstetric Delivery', 'Quarantine', 'Therapeutic tactile stimulation', 'Exercise Pain Management', None, None, None, None]",[None]
46,https://www.medhelp.org/posts/Coronavirus/Redfield-says-masks-might-have-a-better-effect-than-a-vaccine/show/3058229,social distancing and masks,"merry, volunteer mentor @merpreb",20,1001.086957,"['Influenza', 'Coronavirus Infections', 'Seizures', None, None, None, None, None, None]","[None, None, None, 'Childhood Immunization', 'Quarantine', None, None, None, None]",[None]
47,https://www.medhelp.org/posts/Coronavirus/Is-my-medical-history-putting-me-in-more-dangeri-/show/3057097,winter wellbeing: what are you doing this winter for you?,"colleen young, connect director @colleenyoung",34,1701.06383,"['Communicable Diseases', 'Pneumonia', 'Chronic Obstructive Airway Disease', 'Disease', 'out (of) breath', None, None]","[None, None, None, None, None, 'Lobectomy', 'Drainage procedure']",[None]
48,https://www.medhelp.org/posts/Coronavirus/Long-Haulers-post-covide-infection/show/3057935,fever clinics,khinmgm8 @khinmgm8,6,301.0416667,"['Allergic disposition', 'Pharyngitis', 'Vasculitis', 'cold symptoms', 'Alopecia', 'Tired', 'out (of) breath', 'Fatigue', 'Photopsia', 'Sore Throat', None, None, None, 'Gonorrhea', 'Geroderma osteodysplastica', 'Allergic disposition', 'Oculocerebrocutaneous syndrome', 'Sexually Transmitted Diseases', 'Pharyngitis', 'Vasculitis', 'cold symptoms', 'Lung Diseases, Obstructive', 'PROGRESSIVE ENCEPHALOMYELITIS WITH RIGIDITY', 'Flatulence', 'Tired', 'out (of) breath', 'Fatigue', 'Photopsia', 'Sore Throat', 'Pain', None, None, None, None, None, None, None, None, None]","[None, None, None, None, None, None, None, None, None, None, 'Injection of therapeutic agent', None, None, None, None, None, None, None, None, None, None, None, None, None, None, None, None, None, None, None, 'Modest-Temperature Hyperthermia', 'Injection of therapeutic agent', 'cisplatin/etoposide/mitoxantrone/tamoxifen protocol', 'bleomycin/methotrexate/vincristine protocol', None, None, None, None, None]",[None]
49,https://www.medhelp.org/posts/Coronavirus/Anecdotal-evidence-hydroxychloroquine-works-from-doctors-in-different-locations/show/3054385,"my spouse tested positive, now what?",tari4me @tari4me,20,1001.020408,"['Blind Vision', 'Communicable Diseases', 'SHORT STATURE, IDIOPATHIC, X-LINKED', 'Pulmonary congestion', 'Wolf-Hirschhorn Syndrome', 'Hepatic Encephalopathy', 'Coronavirus Infections', 'PROGRESSIVE ENCEPHALOMYELITIS WITH RIGIDITY', 'Acute gastroenteritis', 'Geroderma osteodysplastica', 'Sexually Transmitted Diseases', 'Lupus Erythematosus', 'Toxic liver disease', 'Acute infectious disease', 'Retinal damage', 'Multiple Epiphyseal Dysplasia', 'Gray Platelet Syndrome', 'Carpal Tunnel Syndrome', 'Common Cold', 'Influenza', 'Liver Abscess, Amebic', 'Papillon-Lefevre Disease', 'PREMATURE CHROMATID SEPARATION TRAIT', 'Gonorrhea', 'Allergic disposition', 'Dysosteosclerosis', ""Little's Disease"", 'Malaria', 'Rosacea', 'Prieto X-linked mental retardation syndrome', 'Disease', 'Signs and Symptoms', 'Muscular stiffness', 'HEART PROBLEM', 'Sighing respiration', None, None, None, None, None, None, None, None, None, None, None, None, None, None, None, None, None, None, None, None, None, None, None, None, None, None, None, None, None, None, None, None, None, None, None]","[None, None, None, None, None, None, None, None, None, None, None, None, None, None, None, None, None, None, None, None, None, None, None, None, None, None, None, None, None, None, None, None, None, None, None, 'Treated with', 'on anti-coagulants', 'Induced abortion (procedure)', 'Placebos', 'altretamine/carmustine/mitomycin', 'AID - Artificial insemination by donor', 'Diversion procedure', 'bleomycin/methotrexate/vincristine protocol', 'Tannenbaum electroanalgesia method', 'Etoposide/Ifosfamide/Mesna/Mitoxantrone', 'Hypophysectomy', 'Procedures involving the use of pharmaceuticals', 'Osteogenesis, Distraction', 'Modest-Temperature Hyperthermia', 'Blood Transfusion', 'Surgical repair', 'cisplatin/etoposide/mitoxantrone/tamoxifen protocol', 'Trans-hiatal esophagectomy', 'Release (procedure)', 'Surgical shortening - action', 'Therapeutic procedure', 'ifosfamide/lomustine/vinblastine', None, None, None, None, None, None, None, None, None, None, None, None, None]",[None]
50,https://www.medhelp.org/posts/Coronavirus/Is-it-ethical-for-a-Dr-with-withhold-high-risk-coronavirus-exposure-and-symptoms/show/3058587,covid 19 antibodies and sex desire,trkeba @trkeba,8,401,"['Gonorrhea', 'Geroderma osteodysplastica', 'Communicable Diseases', 'Sexually Transmitted Diseases', 'Infantile Neuroaxonal Dystrophy', 'Palmar-plantar erythrodysesthesia syndrome', 'Common Cold', 'Influenza', 'Mandibuloacral dysostosis', 'Chronic articular rheumatism', 'Hyperostosis, Diffuse Idiopathic Skeletal', 'Gasping for breath', 'Shoulder stiff', 'Multiple symptoms', 'Coughing', 'Exhaustion', None, None, None, None, None, None, None, None, None, None, None, None, None, None, None, None, None, None, None, None, None, None]","[None, None, None, None, None, None, None, None, None, None, None, None, None, None, None, None, 'Treated with', 'Single Embryo Transfer', 'Quarantine', 'Group reassurance', 'Incision and drainage', 'Anesthesia procedures', 'Reminding', 'Discussion (procedure)', 'Adoptive Immunotherapy', 'cisplatin/etoposide/mitoxantrone/tamoxifen protocol', 'Primary operation', 'HAC protocol', 'Exploration procedure', None, None, None, None, None, None, None, None, None]",[None]
51,https://www.medhelp.org/posts/Coronavirus/Corona-amping-up-AND-Flu-season/show/3057799,do i have covid or is it some underlying condition?,mrbrandon @mrbrandon,26,1300.980392,"['Gonorrhea', 'Geroderma osteodysplastica', 'flu symptoms', 'Bleeding ulcer', 'Pneumonia', 'Common Cold', 'Influenza', 'SHORT STATURE, IDIOPATHIC, X-LINKED', 'Lung Diseases, Obstructive', 'Coronavirus Infections', 'Acute gastroenteritis', 'Influenza-like symptoms', None, None, None, None, None, None, None, None, None, None]","[None, None, None, None, None, None, None, None, None, None, None, None, 'Quarantine', 'Injection of therapeutic agent', 'Adoptive Immunotherapy', 'cisplatin/etoposide/mitoxantrone/tamoxifen protocol', 'Surgical shortening - action', 'Osteogenesis, Distraction', None, None, None, None]",[None]
52,https://www.medhelp.org/posts/Coronavirus/How-can-babysitters-protect-themselves-during-COVID/show/3057526,covid-19 and ra,bbjones @bbjones,2,100.9615385,"['Gonorrhea', 'Geroderma osteodysplastica', 'Communicable Diseases', 'Palmar-plantar erythrodysesthesia syndrome', 'Fish-Eye Disease', 'Algoneurodystrophy', 'Lung Diseases, Obstructive', 'Amelogenesis imperfecta nephrocalcinosis', 'Acute gastroenteritis', 'Gray Platelet Syndrome', 'Signs and Symptoms', 'Nervousness', None, None, None, None, None, None, None, None]","[None, None, None, None, None, None, None, None, None, None, None, None, 'Single Embryo Transfer', 'cisplatin/etoposide/mitoxantrone/tamoxifen protocol', 'Excision of axillary lymph nodes', 'Marital Therapy', 'Therapeutic procedure', 'Teleradiotherapy procedure', None, None]",[None]
53,https://www.medhelp.org/posts/Coronavirus/Is-it-too-risky-for-me-to-get-back-to-in-person-teaching-See-details-below/show/3057188,covid and celebrating alone changed my x-mas giving,fiesty76 @fiesty76,12,600.9433962,"['Communicable Diseases', 'Adult Fanconi syndrome', 'Diabetes Mellitus, Non-Insulin-Dependent', 'Hereditary Diseases', 'Carpal Tunnel Syndrome', 'Chronic Obstructive Airway Disease', 'Acute gastroenteritis', 'Gonorrhea', 'Geroderma osteodysplastica', 'Obesity', 'Allergic disposition', 'WILSON-TURNER X-LINKED MENTAL RETARDATION SYNDROME', ""Little's Disease"", 'Chronic otitis media', 'Asthma', 'Signs and Symptoms', 'Overweight', 'EXERTIONAL', None, None, None, None, None, None, None, None, None, None, None, None]","[None, None, None, None, None, None, None, None, None, None, None, None, None, None, None, None, None, None, 'cyclophosphamide/methotrexate/prednisone/vincristine protocol', 'Incision and drainage', 'cisplatin/etoposide/mitoxantrone/tamoxifen protocol', 'Special Diet Therapy', 'Osteogenesis, Distraction', None, None, None, None, None, None, None]",[None]
54,https://www.medhelp.org/posts/Coronavirus/Can-coronavirus-really-stay-infectious-in-the-air-for-3-hours/show/3057500,"as the pandemic spreads, so can our thanks",fiesty76 @fiesty76,26,1300.925926,"['Gonorrhea', 'Geroderma osteodysplastica', 'Communicable Diseases', 'Diabetes Mellitus', 'Common Cold', 'Lung Diseases, Obstructive', 'Coronavirus Infections', 'PROGRESSIVE ENCEPHALOMYELITIS WITH RIGIDITY', 'Disease', None, None, None, None, None, None, None, None]","[None, None, None, None, None, None, None, None, None, 'Modest-Temperature Hyperthermia', 'Quarantine', 'cisplatin/etoposide/mitoxantrone/tamoxifen protocol', 'HAC protocol', 'Therapeutic procedure', 'Orthokeratology', None, None]",[None]
55,https://www.medhelp.org/posts/Coronavirus/Covid19-Surface-Transmission/show/3058064,"""post-acute covid-19 syndrome""","merry, volunteer mentor @merpreb",4,200.9090909,"['Communicable Diseases', 'Common Cold', 'Influenza', 'Sick Sinus Syndrome', 'Coronavirus Infections', 'Gonorrhea', 'Geroderma osteodysplastica', ""Little's Disease"", 'Neonatal alloimmune thrombocytopenia', 'Lung Diseases, Obstructive', 'Influenza due to Influenza A virus subtype H1N1', 'SHORT STATURE, ONYCHODYSPLASIA, FACIAL DYSMORPHISM, AND HYPOTRICHOSIS SYNDROME', 'organic disorders', 'Disease', 'Gray Platelet Syndrome', 'Coughing', 'Asthenia', 'Nervousness', None, None, None, None, None, None, None, None, None, None, None, None, None, None, None, None]","[None, None, None, None, None, None, None, None, None, None, None, None, None, None, None, None, None, None, 'Modest-Temperature Hyperthermia', '5 minutes Office visit', 'Injection of therapeutic agent', 'Therapeutic tactile stimulation', 'cisplatin/etoposide/mitoxantrone/tamoxifen protocol', 'Incision and drainage', 'prevention of disorder', 'Tonsillectomy and adenoidectomy', None, None, None, None, None, None, None, None]",[None]
56,https://www.medhelp.org/posts/Coronavirus/Chances-of-covid-from-healthcare-worker-who-pulled-mask-below-nose/show/3057638,quarantine period for infected children,mshamdann @mshamdann,8,400.8928571,"['Gonorrhea', 'Geroderma osteodysplastica', 'Coughing', 'Sighing respiration', None, None, None, None, None]","[None, None, None, None, 'cisplatin/etoposide/mitoxantrone/tamoxifen protocol', None, None, None, None]",[None]
57,https://www.medhelp.org/posts/Coronavirus/LITERALLY-BUMPING-INTO-SOMEONE---ANY-REAL-RISK/show/3057885,dr. fauci,"merry, volunteer mentor @merpreb",0,0.877192982,"['Gonorrhea', 'Geroderma osteodysplastica', None]","[None, None, None]",[None]
58,https://www.medhelp.org/posts/Coronavirus/Fevers/show/3056211,masks: how do you encourage people that they help?,tjdog @tjdog,96,4800.862069,"['Multi-infarct dementia', 'POPLITEAL PTERYGIUM SYNDROME, LETHAL TYPE', 'Retching', 'Acute onset cough', 'Dry cough', 'Sharp pain', 'Chills', None, None, None, None, None, None, None]","[None, None, None, None, None, None, None, 'cisplatin/etoposide/mitoxantrone/tamoxifen protocol', 'Etoposide/Ifosfamide/Mesna/Mitoxantrone', None, None, None, None, None]",[None]
59,https://www.medhelp.org/posts/Coronavirus/Miracle-Covid-cure-that-wasnt/show/3056765,hearing loss after covid,heatnor @heatnor,32,1600.847458,"['Amyotrophic Lateral Sclerosis, Sporadic', 'Idiopathic Multicentric Osteolyses', 'Streptococcal lymphadenitis of swine', 'SHORT STATURE, IDIOPATHIC, X-LINKED', 'Influenza', 'Reflex Sympathetic Dystrophy', 'Measles', 'Meningococcal meningitis', 'Coronavirus Infections', 'Disease', 'primary infection nos', 'Gray Platelet Syndrome', 'Signs and Symptoms', None, None, None, None, None, None, None, None, None, None, None, None, None, None, None, None, None, None, None, None, None, None, None, None, None, None, None, None, None, None]","[None, None, None, None, None, None, None, None, None, None, None, None, None, 'Immobilization', 'Administration procedure', 'Measles-mumps-rubella vaccination', 'Therapeutic tactile stimulation', 'Primary operation', 'cisplatin/etoposide/mitoxantrone/tamoxifen protocol', 'Excision of axillary lymph nodes', 'Sterilization for infection control', 'bleomycin/methotrexate/vincristine protocol', 'Procedures involving the use of pharmaceuticals', 'Therapeutic procedure', 'Orthokeratology', None, None, None, None, None, None, None, None, None, None, None, None, None, None, None, None, None, None]",[None]
60,https://www.medhelp.org/posts/Coronavirus/5-year-old-Boy---Cough-for-almost-one-month/show/3056702,"common symptoms, no cough",daphne47 @daphne47,16,800.8333333,"['Gonorrhea', 'Geroderma osteodysplastica', 'Sinusitis', 'Allergic disposition', 'Duane Retraction Syndrome', ""Little's Disease"", 'Pharyngitis', 'SHORT STATURE, IDIOPATHIC, X-LINKED', 'Lung Diseases, Obstructive', 'Diabetic Retinopathy', 'Acute gastroenteritis', 'Anosmia', 'Pruritus', 'Sore Throat', 'Coughing', 'Pain', 'Other symptoms', None, None, None, None, None, None, None, None]","[None, None, None, None, None, None, None, None, None, None, None, None, None, None, None, None, None, 'cisplatin/etoposide/mitoxantrone/tamoxifen protocol', 'cyclophosphamide/methotrexate/prednisone/vincristine protocol', 'Procedures involving the use of pharmaceuticals', None, None, None, None, None]",[None]
61,https://www.medhelp.org/posts/Coronavirus/Covid-risk-with-eating-after-surface-touching/show/3057308,my boss spread covid-19 intentionally,blueraven @blueraven,18,900.8196721,"['Gonorrhea', 'Geroderma osteodysplastica', 'Communicable Diseases', 'Lung Diseases, Obstructive', 'gastrointestinal gas', 'Coughing', 'Sighing respiration', 'Clouded consciousness', None, None, None, None, None, None, None, None, None, None, None]","[None, None, None, None, None, None, None, None, 'Therapeutic tactile stimulation', 'cisplatin/etoposide/mitoxantrone/tamoxifen protocol', 'Toilet procedure', 'Reminding', 'Osteogenesis, Distraction', 'Insertion of pack (procedure)', None, None, None, None, None]",[None]
62,https://www.medhelp.org/posts/Coronavirus/Concerns-about-Covid-19-coronavirus/show/3053915,grandmas and grandpas...opportunity knocks! ideas during covid,"chris trout, volunteer mentor @artscaping",124,6200.806452,"['Pharyngitis', 'Hamman-Rich syndrome', 'Common Cold', 'Influenza', 'SHORT STATURE, IDIOPATHIC, X-LINKED', 'Hybrid Resistance', 'Coronavirus Infections', 'Acute gastroenteritis', 'Gonorrhea', 'Geroderma osteodysplastica', 'Infantile Neuroaxonal Dystrophy', 'Diabetes Mellitus', 'Lung Problem', 'cold symptoms', 'Lung Diseases, Obstructive', 'Disease', 'Ache', 'Diarrhea', 'Fatigue', 'Redness of face', 'Pain', 'Nervousness', 'Rhinorrhea', 'Nasal congestion (finding)', 'HEART PROBLEM', 'Sore Throat', 'Dry cough', 'Coughing', 'Clouded consciousness', 'Dyspnea', 'Chills', None, None, None, None, None, None, None, None, None, None, None, None, None, None, None, None, None, None, None, None]","[None, None, None, None, None, None, None, None, None, None, None, None, None, None, None, None, None, None, None, None, None, None, None, None, None, None, None, None, None, None, None, 'Transjugular intrahepatic portosystemic shunt procedure', 'Therapeutic tactile stimulation', 'Yoga', 'cisplatin/etoposide/mitoxantrone/tamoxifen protocol', 'cyclophosphamide/methotrexate/prednisone/vincristine protocol', 'Incision and drainage', 'Isolation procedure', 'Distraction training', 'Calming', 'Diet good', 'Exercise Pain Management', None, None, None, None, None, None, None, None, None]",[None]
63,https://www.medhelp.org/posts/Coronavirus/Infection-through-Food-Wife-Scared-Me--and-now-Im-spiraling/show/3054265,covid and the end of daylight savings time,"merry, volunteer mentor @merpreb",48,2400.793651,"['Gonorrhea', 'Geroderma osteodysplastica', 'Blind Vision', 'Malignant hyperpyrexia due to anesthesia', 'Carpal Tunnel Syndrome', 'Influenza', 'Wolf-Hirschhorn Syndrome', 'Skin Diseases, Viral', 'Disease', 'Coughing', 'Asthenia', None, None, None, None, None, None, None, None, None, None, None, None, None, None]","[None, None, None, None, None, None, None, None, None, None, None, 'Modest-Temperature Hyperthermia', 'Induced abortion (procedure)', 'doxorubicin/fluorouracil/mitomycin/vincristine protocol', 'cisplatin/etoposide/mitoxantrone/tamoxifen protocol', 'Incision and drainage', 'Calming', 'Water running', None, None, None, None, None, None, None]",[None]
64,https://www.medhelp.org/posts/Coronavirus/Partner-and-I-symptomatic-at-nearly-the-same-times/show/3056184,dr. fauci,"merry, volunteer mentor @merpreb",0,0.78125,"['Gonorrhea', 'Geroderma osteodysplastica', 'Multi-infarct dementia', ""Little's Disease"", 'SHORT STATURE, IDIOPATHIC, X-LINKED', 'Influenza', 'Immunoglobulin A deficiency (disorder)', 'Disease', 'Ache', 'BODY PAIN', 'Vague ill health', 'Chest tightness', 'Nausea', 'Flare', 'Malaise', 'Back symptoms/complaints', 'Chills', 'Dyspnea', None, None, None, None, None, None]","[None, None, None, None, None, None, None, None, None, None, None, None, None, None, None, None, None, None, 'Quarantine', 'Universal Precautions', 'cisplatin/etoposide/mitoxantrone/tamoxifen protocol', 'Toilet procedure', 'bleomycin/methotrexate/vincristine protocol', 'Exercise Pain Management']",[None]
65,https://www.medhelp.org/posts/Coronavirus/How-willing-are-you-to-have-the-corona-vaccine-early-on/show/3057037,masks: how do you encourage people that they help?,tjdog @tjdog,96,4800.769231,"['Gigantism', 'Poliomyelitis', 'Carpal Tunnel Syndrome', 'Influenza', 'SHORT STATURE, IDIOPATHIC, X-LINKED', 'Liver Abscess, Amebic', 'Measles', 'Acute gastroenteritis', 'Coronavirus Infections', 'Gonorrhea', 'Geroderma osteodysplastica', 'Infantile Neuroaxonal Dystrophy', 'Sexually Transmitted Diseases', 'Idiopathic Multicentric Osteolyses', 'Multiple Epiphyseal Dysplasia', 'Lung Diseases, Obstructive', 'Gray Platelet Syndrome', 'Disease', 'Mass of body region', 'Coughing', 'Asthenia', 'Sighing respiration', 'Clouded consciousness', 'Exhaustion', None, None, None, None, None, None, None, None, None, None, None, None, None, None, None, None]","[None, None, None, None, None, None, None, None, None, None, None, None, None, None, None, None, None, None, None, None, None, None, None, None, 'Modest-Temperature Hyperthermia', 'Immobilization', 'Injection of therapeutic agent', 'cisplatin/etoposide/mitoxantrone/tamoxifen protocol', 'Incision and drainage', 'bleomycin/methotrexate/vincristine protocol', 'Vaccination', 'Release (procedure)', 'Procedures involving the use of pharmaceuticals', 'Discussion (procedure)', 'Orthokeratology', None, None, None, None, None]",[None]
66,https://www.medhelp.org/posts/Coronavirus/Social-distancing-is-very-hit-OR-miss-Is-there-a-difference-between-N95-and-K-N95/show/3055692,hearing loss after covid,heatnor @heatnor,32,1600.757576,"['Gonorrhea', 'Geroderma osteodysplastica', 'Idiopathic Multicentric Osteolyses', 'Hearing disability', 'Influenza', 'Lung Diseases, Obstructive', 'Acute gastroenteritis', 'Myocardial Ischemia', 'Coronavirus Infections', 'Gray Platelet Syndrome', 'Seizures', None, None, None, None, None, None, None, None, None, None, None, None, None]","[None, None, None, None, None, None, None, None, None, None, None, 'Immobilization', 'Surgical Procedures, Minimally Invasive', 'cyclophosphamide/fluorouracil/methotrexate/vincristine protocol', 'Therapeutic tactile stimulation', 'cisplatin/etoposide/mitoxantrone/tamoxifen protocol', 'Incision and drainage', 'Discussion (procedure)', 'Demand (clinical)', None, None, None, None, None]",[None]
67,https://www.medhelp.org/posts/Coronavirus/Heart-problems-and-Covid-Travel/show/3056372,"common symptoms, no cough",daphne47 @daphne47,16,800.7462687,"['STOMATOCYTOSIS I', 'Gonorrhea', 'Geroderma osteodysplastica', 'HEART PROBLEM', None, None, None, None, None, None, None, None, None]","[None, None, None, None, 'Treated with', 'Injection of therapeutic agent', 'Therapeutic tactile stimulation', 'cisplatin/etoposide/mitoxantrone/tamoxifen protocol', 'Allergy Shot', None, None, None, None]",[None]
68,https://www.medhelp.org/posts/Coronavirus/Am-I-safe/show/3056346,my boss spread covid-19 intentionally,blueraven @blueraven,18,900.7352941,"['Gonorrhea', 'Geroderma osteodysplastica', 'Communicable Diseases', 'Carpal Tunnel Syndrome', 'Common Cold', 'Influenza', 'Lung Diseases, Obstructive', 'Chronic Obstructive Airway Disease', 'Coronavirus Infections', 'Signs and Symptoms', 'Coughing', None, None, None, None, None, None, None, None, None, None, None, None, None, None, None, None, None]","[None, None, None, None, None, None, None, None, None, None, None, 'Modest-Temperature Hyperthermia', 'Anterior decompression of shoulder joint', 'Induced abortion (procedure)', 'Fixation - action', 'Adoptive Immunotherapy', 'cisplatin/etoposide/mitoxantrone/tamoxifen protocol', 'Reminding', 'Direct Method', 'Exercise Pain Management', 'Division (surgical procedure)', 'Orthokeratology', None, None, None, None, None, None]",[None]
69,https://www.medhelp.org/posts/Coronavirus/Im-going-nuts-because-of-coronavirus-Help-me-/show/3056146,grandmas and grandpas...opportunity knocks! ideas during covid,"chris trout, volunteer mentor @artscaping",124,6200.724638,"['Allergic disposition', 'Fish-Eye Disease', 'SHORT STATURE, IDIOPATHIC, X-LINKED', 'Lung Diseases, Obstructive', 'Coronavirus Infections', 'Catch - Finding of sensory dimension of pain', None, None, None, None, None]","[None, None, None, None, None, None, 'cisplatin/etoposide/mitoxantrone/tamoxifen protocol', None, None, None, None]",[None]
70,https://www.medhelp.org/posts/Coronavirus/Sore-throat--some-dry-cough-and-weird-feeling-in-throat-Is-it-covid-19/show/3056147,covid and the end of daylight savings time,"merry, volunteer mentor @merpreb",48,2400.714286,"['Gonorrhea', 'Allergic disposition', 'Pharyngitis', 'Excessive tearing', 'Rhinorrhea', 'Feeling of lump in throat', 'Sore Throat', 'Dry cough', 'Coughing', 'Pain', None, None, None, None]","[None, None, None, None, None, None, None, None, None, None, 'Therapeutic tactile stimulation', None, None, None]",[None]
71,https://www.medhelp.org/posts/Coronavirus/Use-of-copper-and-UV-light-to-defeat-Coronavirus/show/3055430,who can visit a patient during covid 19 times?,vanessag @vanessag,6,300.7042254,"['Episodic ataxia type 1', 'Pelvic Organ Prolapse', 'Infections, Hospital', 'MRSA - Methicillin resistant Staphylococcus aureus infection', 'Sudden infant death syndrome', 'SHORT STATURE, IDIOPATHIC, X-LINKED', 'Ulnar-mammary syndrome', 'PREMATURE CHROMATID SEPARATION TRAIT', 'Skin lesion', 'Coronavirus Infections', 'Acute gastroenteritis', 'Myopic astigmatism', 'Cor pulmonale', 'PROGRESSIVE ENCEPHALOMYELITIS WITH RIGIDITY', 'microbial disease', 'Paramyotonia Congenita (disorder)', 'Gonorrhea', 'Geroderma osteodysplastica', 'Multiple Epiphyseal Dysplasia', 'STUVE-WIEDEMANN SYNDROME', 'Reflex Sympathetic Dystrophy', 'Staphylococcus aureus infection', 'Dwarfism', 'Dental caries', 'skin damage', 'Vomiting', 'Pain, Postoperative', 'Visual halos (disorder)', 'Coughing', None, None, None, None, None, None, None, None, None, None, None, None, None, None, None, None, None, None, None, None, None, None, None, None, None, None, None, None, None]","[None, None, None, None, None, None, None, None, None, None, None, None, None, None, None, None, None, None, None, None, None, None, None, None, None, None, None, None, None, 'Treated with', 'Disinfection', 'Administration procedure', 'Cytotoxic Chemotherapy', 'Excision of axillary lymph nodes', 'Presence', 'Procedures involving the use of pharmaceuticals', 'Destructive procedure (surgical)', 'Cardiac Lead Procedure', 'Therapeutic tactile stimulation', 'Adoptive Immunotherapy', 'Toilet procedure', 'cisplatin/etoposide/mitoxantrone/tamoxifen protocol', 'Release (procedure)', 'Therapeutic radiology procedure', 'Demand (clinical)', None, None, None, None, None, None, None, None, None, None, None, None, None]",[None]
72,https://www.medhelp.org/posts/Coronavirus/Can-a-deviated-septum-affect-accuracy-of-Covid-19-nasal-test/show/3055917,best and worst masks covid-19,cindiwass @cindiwass,82,4100.694444,"['Gonorrhea', 'Geroderma osteodysplastica', 'Influenza', 'Altered sensation of skin', None, None, None, None, None]","[None, None, None, None, 'Induced abortion (procedure)', None, None, None, None]",[None]
73,https://www.medhelp.org/posts/Coronavirus/Oxygenation/show/3055989,tested negative twice for covid,ihatediabetes @ihatediabetes,14,700.6849315,"[""Little's Disease"", 'Respiratory Distress Syndrome, Adult', None, None, None, None]","[None, None, 'cisplatin/etoposide/mitoxantrone/tamoxifen protocol', 'Suction drainage', None, None]",[None]
74,https://www.medhelp.org/posts/Coronavirus/Revised-from-CDC-covid19-does-not-spread-easily-from-surfaces/show/3055707,our 10 yr old was just diagnosed with covid-19,fiesty76 @fiesty76,84,4200.675676,"['Communicable Diseases', 'Chronic otitis media', 'Testicular regression syndrome', 'Juvenile-Onset Still Disease', 'Coronavirus Infections', None, None, None, None, None, None]","[None, None, None, None, None, 'Physical therapy', 'Therapeutic tactile stimulation', 'cisplatin/etoposide/mitoxantrone/tamoxifen protocol', 'Exercise Pain Management', None, None]",[None]
75,https://www.medhelp.org/posts/Coronavirus/Covid-19--/show/3055774,monthly coronavirus statistics worldwide and in usa,don higgins @dsh33782,8,400.6666667,"['Gonorrhea', 'Geroderma osteodysplastica', 'Pharyngitis', 'Chronic articular rheumatism', 'Diarrhea', 'Nausea', 'Sore Throat', 'Coughing', 'Dyspnea', None, None, None, None, None]","[None, None, None, None, None, None, None, None, None, 'Quarantine', 'Yoga', 'cisplatin/etoposide/mitoxantrone/tamoxifen protocol', 'Exercise Pain Management', 'Tonsillectomy and adenoidectomy']",[None]
76,https://www.medhelp.org/posts/Coronavirus/Encouraging-results-for-pepcid-trial-today/show/3055400,food shelf frenzy,ihatediabetes @ihatediabetes,8,400.6578947,"['Heartburn', 'Heartburn acidity', None, None]","[None, None, 'Osteogenesis, Distraction', None]",[None]
77,https://www.medhelp.org/posts/Coronavirus/As-if-one-needed-another-reason-to-wear-a-mask/show/3055339,covid-19 long haulers: symptoms lasting 30 days plus,lmspencerpac @lmspencerpac,32,1600.649351,"['Male Pseudohermaphroditism', ""Little's Disease"", 'Coughing', None, None, None]","[None, None, None, 'Directly Observed Therapy', None, None]",[None]
78,https://www.medhelp.org/posts/Coronavirus/Covid-19-Panic/show/3055447,how to stay up to date with comments particularly relevant for oneself,barbb @barbb,16,800.6410256,"['Gonorrhea', 'Geroderma osteodysplastica', 'Obesity', 'shock symptoms', 'Heart Diseases', 'Sexually Transmitted Diseases', 'Communicable Diseases', 'Influenza', 'Lung Diseases, Obstructive', 'Wolf-Hirschhorn Syndrome', 'Triglyceride storage disease with ichthyosis', 'Gray Platelet Syndrome', 'Flatulence', 'Gasping for breath', 'Rhinorrhea', 'Catch - Finding of sensory dimension of pain', 'Coughing', 'Flushing', None, None, None, None, None, None, None, None, None, None, None, None, None, None, None, None, None, None, None]","[None, None, None, None, None, None, None, None, None, None, None, None, None, None, None, None, None, None, 'Modest-Temperature Hyperthermia', '5 minutes Office visit', 'nursing therapy', 'Therapeutic tactile stimulation', 'Bathing', 'cisplatin/etoposide/mitoxantrone/tamoxifen protocol', 'Toilet procedure', 'Release (procedure)', 'Therapeutic procedure', 'disorder control (procedure)', 'Insertion of pack (procedure)', None, None, None, None, None, None, None, None]",[None]
79,https://www.medhelp.org/posts/Coronavirus/Covid-Toes--what-are-they/show/3055065,donating blood during covid-19,schlegdiesel @schlegdiesel,38,1900.632911,"['Gonorrhea', 'Geroderma osteodysplastica', 'Exanthema', 'Vasculitis', 'Testicular regression syndrome', 'Lupus Erythematosus, Discoid', 'Skin lesion', 'Coronavirus Infections', 'Edema of foot (finding)', None, None, None, None, None, None, None, None, None, None]","[None, None, None, None, None, None, None, None, None, 'cisplatin/etoposide/mitoxantrone/tamoxifen protocol', None, None, None, None, None, None, None, None, None]",[None]
80,https://www.medhelp.org/posts/Coronavirus/Best-practices-as-areas-reopen-corona-virus/show/3055270,heard something about covid and reinfection,cindiwass @cindiwass,36,1800.625,"['Gonorrhea', 'Geroderma osteodysplastica', 'WILSON-TURNER X-LINKED MENTAL RETARDATION SYNDROME', 'Pelvic Organ Prolapse', 'Myelitis, Acute Transverse', 'Van der Woude syndrome', ""Little's Disease"", 'Anemia, Diamond-Blackfan', 'Lung Diseases, Obstructive', 'Cancer-Associated Retinopathy', 'AUTOINFLAMMATION, LIPODYSTROPHY, AND DERMATOSIS SYNDROME', 'Coronavirus Infections', 'Neonatal Jaundice', 'Pain, Postoperative', 'gastrointestinal gas', 'Pain', None, None, None, None, None, None, None, None, None, None, None, None, None, None, None, None, None, None, None, None, None, None, None, None, None, None, None, None, None]","[None, None, None, None, None, None, None, None, None, None, None, None, None, None, None, None, 'Transjugular intrahepatic portosystemic shunt procedure', 'The science and art of healing', 'Single Embryo Transfer', 'Incision and drainage', 'bleomycin/methotrexate/vincristine protocol', 'Allergy Shot', 'Osteogenesis, Distraction', 'Cardiac Lead Procedure', 'Obstetric Delivery', 'Balanced diet', 'cisplatin/etoposide/mitoxantrone/tamoxifen protocol', 'Vaccination', 'Exercise Pain Management', None, None, None, None, None, None, None, None, None, None, None, None, None, None, None, None]",[None]
81,https://www.medhelp.org/posts/Coronavirus/CDC-adds-six-new-symptoms-for-COVID-19/show/3055081,isolation: how do we handle it?,"teresa, volunteer mentor @hopeful33250",300,15000.61728,"['Gonorrhea', 'Geroderma osteodysplastica', 'Communicable Diseases', 'Pharyngitis', 'Exanthema', 'Chronic otitis media', 'Acute contagious conjunctivitis', 'Coronavirus Infections', 'Disease', 'Actual Inability To Taste', 'Anosmia', 'Diarrhea', 'Sore Throat', 'Dizziness', 'Myalgia', 'Headache', 'Tremor', 'Lightheadedness', 'Chills', None, None, None, None, None]","[None, None, None, None, None, None, None, None, None, None, None, None, None, None, None, None, None, None, None, 'Modest-Temperature Hyperthermia', 'Incision and drainage', 'Release (procedure)', 'Cardiac Lead Procedure', None]",[None]
82,https://www.medhelp.org/posts/Coronavirus/Are-there-truly-any-medications-or-treatments-for-COVID-19/show/3055183,covid: july and still no decisions about public schools reopening,fiesty76 @fiesty76,30,1500.609756,"['Infectious disease of lung', 'Severe Acute Respiratory Syndrome', 'Dysosteosclerosis', 'Pneumonia', 'Hemorrhagic Fevers, Viral', 'Multiple Epiphyseal Dysplasia', 'Chronic articular rheumatism', 'PREMATURE CHROMATID SEPARATION TRAIT', 'Coronavirus Infections', None, None, None, None, None, None, None, None, None, None, None, None]","[None, None, None, None, None, None, None, None, None, 'Modest-Temperature Hyperthermia', 'Placebos', 'peritoneal dialysate (treatment)', 'cisplatin/etoposide/mitoxantrone/tamoxifen protocol', 'Surgical shortening - action', 'Procedures involving the use of pharmaceuticals', 'Therapeutic procedure', None, None, None, None, None]",[None]
83,https://www.medhelp.org/posts/Coronavirus/Article-about-long-tail-form-of-Covid/show/3055598,covid-19 testing: how are the data calculated?,tjdog @tjdog,22,1100.60241,"['Chronic otitis media', 'Gray Platelet Syndrome', None]","[None, None, 'Modest-Temperature Hyperthermia']",[None]
84,https://www.medhelp.org/posts/Coronavirus/News-from-Remdesivir-tests/show/3055131,grief in the time of covid-19,fiesty76 @fiesty76,52,2600.595238,"['Cerebrovascular accident', 'Blind Vision', 'Poliomyelitis', 'Fish-Eye Disease', 'Influenza', 'Testicular regression syndrome', 'Coronavirus Infections', 'Gonorrhea', 'Geroderma osteodysplastica', 'Hypersensitivity disease', 'MAMMARY-DIGITAL-NAIL SYNDROME', 'Acquired Immunodeficiency Syndrome', 'DANDY-WALKER MALFORMATION WITH MENTAL RETARDATION, BASAL GANGLIA DISEASE, AND SEIZURES', 'Reflex Sympathetic Dystrophy', 'Prieto X-linked mental retardation syndrome', 'Gray Platelet Syndrome', 'Anosmia', None, None, None, None, None, None, None, None, None, None]","[None, None, None, None, None, None, None, None, None, None, None, None, None, None, None, None, None, 'Placebos', 'cisplatin/etoposide/mitoxantrone/tamoxifen protocol', 'Excision of axillary lymph nodes', 'Procedures involving the use of pharmaceuticals', 'Orthokeratology', 'Osteogenesis, Distraction', None, None, None, None]",[None]
85,https://www.medhelp.org/posts/Coronavirus/Ventilators/show/3055192,lung lavage,craigm1209 @craigm1209,2,100.5882353,"[""Little's Disease"", 'Respiratory Tract Infections', 'Comatose', 'Acute Pneumonia', 'Disease', None, None, None, None, None, None, None]","[None, None, None, None, None, 'Treated with', 'Elevation procedure', None, None, None, None, None]",[None]
86,https://www.medhelp.org/posts/Coronavirus/Fever-during-Covid-infection-/show/3055001,covid-19: what does it mean for people in icu and for families?,"rosemary, volunteer mentor @rosemarya",156,7800.581395,"['Communicable Diseases', 'Sexually Transmitted Diseases', 'Chickenpox', 'Acute gastroenteritis', 'Virus Diseases', 'Malaise', None, None, None, None, None]","[None, None, None, None, None, None, 'Treated with', 'Surgical and medical procedures', 'cisplatin/etoposide/mitoxantrone/tamoxifen protocol', 'Incision and drainage', 'Cardiac Lead Procedure']",[None]
87,https://www.medhelp.org/posts/Coronavirus/Can-Liquid-Breathing-help/show/3055036,covid-19 and cancer: how are you preparing for the re-opening?,"merry, volunteer mentor @merpreb",28,1400.574713,"['Foramen Ovale, Patent', 'Pneumonia', 'Comatose', 'Respiratory Distress Syndrome, Adult', 'Lung diseases', 'Coronavirus Infections', 'Gonorrhea', 'Geroderma osteodysplastica', 'Severe Acute Respiratory Syndrome', 'Altitude Sickness', 'Infarction of spinal cord', 'SHORT STATURE, ONYCHODYSPLASIA, FACIAL DYSMORPHISM, AND HYPOTRICHOSIS SYNDROME', 'Acute infectious lymphocytosis', 'Signs and Symptoms', 'Muscular stiffness', None, None, None, None, None, None, None, None, None, None, None, None, None, None, None, None, None, None, None]","[None, None, None, None, None, None, None, None, None, None, None, None, None, None, None, 'Treated with', 'Extracorporeal Membrane Oxygenation', 'nursing therapy', 'Induced abortion (procedure)', 'cisplatin/etoposide/mitoxantrone/tamoxifen protocol', 'Cardiopulmonary Bypass', 'Liquid Ventilation', 'Therapeutic procedure', 'Osteogenesis, Distraction', 'Destructive procedure (surgical)', None, None, None, None, None, None, None, None, None]",[None]
88,https://www.medhelp.org/posts/Coronavirus/Loss-of-Smell--Taste/show/3055135,blood types and covid-19,jack32 @jack32,92,4600.568182,"['Allergic disposition', 'Common Cold', 'Influenza', 'PREMATURE CHROMATID SEPARATION TRAIT', 'Virus Diseases', 'Disease', 'Anosmia', 'Coughing', 'Chills', 'Dyspnea', None, None]","[None, None, None, None, None, None, None, None, None, None, 'Group reassurance', 'cisplatin/etoposide/mitoxantrone/tamoxifen protocol']",[None]
89,https://www.medhelp.org/posts/Coronavirus/Professor-Yitzhak-Ben-Israel-theory-that-Covid-will-go-away/show/3054960,confused about covid-19 symptom progression,mkqq @mkqq,36,1800.561798,"['Communicable Diseases', 'Plague, Septicemic', 'Plague', 'SHORT STATURE, IDIOPATHIC, X-LINKED', 'Marinesco-Sjogren syndrome', 'Coronavirus Infections', 'Gonorrhea', 'Geroderma osteodysplastica', 'Balkan Nephropathy', 'Infantile Neuroaxonal Dystrophy', 'Anus Diseases', 'Acquired Immunodeficiency Syndrome', 'Chronic otitis media', 'Refractive Errors', 'Disease', 'gastrointestinal gas', None, None, None, None, None, None, None, None, None, None, None]","[None, None, None, None, None, None, None, None, None, None, None, None, None, None, None, None, 'Ligamentous articular strain technique', 'Adoptive Immunotherapy', 'Bathing', 'cisplatin/etoposide/mitoxantrone/tamoxifen protocol', 'bleomycin/methotrexate/vincristine protocol', 'Excision', 'Direct Method', 'Exercise Pain Management', None, None, None]",[None]
90,https://www.medhelp.org/posts/Coronavirus/Why-cancer-patients-at-higher-risk-of-COVID-19/show/3054992,life is an adventure - how to keep it up with covid-19?,"sue, volunteer mentor @sueinmn",48,2400.555556,"['Gonorrhea', 'Geroderma osteodysplastica', 'Communicable Diseases', 'SHORT STATURE, IDIOPATHIC, X-LINKED', 'Influenza', 'Coronavirus Infections', 'Acute infectious lymphocytosis', 'Catch - Finding of sensory dimension of pain', 'Asthenia', 'Clouded consciousness', None, None, None, None, None, None, None, None, None, None, None]","[None, None, None, None, None, None, None, None, None, None, 'Chemotherapy Regimen', 'Current Therapy', 'cisplatin/etoposide/mitoxantrone/tamoxifen protocol', 'Cancer Therapeutic Procedure', 'Therapeutic procedure', None, None, None, None, None, None]",[None]
91,https://www.medhelp.org/posts/Coronavirus/-Stroke-reported-in-young-people-with-corona-virus-/show/3055064,confused about covid-19 symptom progression,mkqq @mkqq,36,1800.549451,"['Cerebrovascular accident', 'Vascular Diseases', 'Acute gastroenteritis', 'Coronavirus Infections', None, None]","[None, None, None, None, None, None]",[None]
92,https://www.medhelp.org/posts/Coronavirus/Thoughts-about-opening-up-the-US/show/3054913,life is an adventure - how to keep it up with covid-19?,"sue, volunteer mentor @sueinmn",48,2400.543478,"['Agenesis of corpus callosum', 'Carpal Tunnel Syndrome', 'Influenza', 'Cardiac Arrest', 'Pyotraumatic dermatitis', 'Gonorrhea', 'Geroderma osteodysplastica', 'Axenfeld-Rieger syndrome', 'Infantile Neuroaxonal Dystrophy', 'Malignant hyperpyrexia due to anesthesia', ""Little's Disease"", 'Lung Diseases, Obstructive', 'Disease', 'gastrointestinal gas', 'Nervousness', 'Clouded consciousness', None, None, None, None, None, None, None, None, None, None, None, None, None, None, None, None, None, None, None, None, None, None, None, None]","[None, None, None, None, None, None, None, None, None, None, None, None, None, None, None, None, 'The science and art of healing', 'Induced abortion (procedure)', 'Quarantine', 'Incision and drainage', 'bleomycin/methotrexate/vincristine protocol', 'Etoposide/Ifosfamide/Mesna/Mitoxantrone', 'Calming', 'Removal by grinding', 'Osteogenesis, Distraction', 'Procedures involving the use of pharmaceuticals', '5 minutes Office visit', 'Meditation Therapy', 'Therapeutic tactile stimulation', 'Adoptive Immunotherapy', 'cisplatin/etoposide/mitoxantrone/tamoxifen protocol', 'Release (procedure)', 'Exercise Pain Management', 'Therapeutic procedure', None, None, None, None, None, None]",[None]
93,https://www.medhelp.org/posts/Coronavirus/PCR-Test/show/3054900,"covid-19, the fear of the flu",mgmolly @erinmfs,100,5000.537634,"[None, None]","['Percutaneous Coronary Intervention', 'Detection']",[None]
94,https://www.medhelp.org/posts/Coronavirus/What-is-the-recovery-time-for-corona-virus/show/3054668,covid-19 and addiction recovery: the importance of staying social,"teresa, volunteer mentor @hopeful33250",4,200.5319149,"['Heart failure', 'Communicable Diseases', 'Common Cold', 'Influenza', 'Testicular regression syndrome', 'PREMATURE CHROMATID SEPARATION TRAIT', 'Kidney Diseases', 'Coronavirus Infections', 'Gonorrhea', 'Geroderma osteodysplastica', 'Lung Problem', 'Chronic otitis media', 'Lung Diseases, Obstructive', 'Amelogenesis imperfecta nephrocalcinosis', 'Disease', 'Seizures', 'Multiple symptoms', 'Coughing', 'Respiratory distress', None, None, None, None, None, None, None, None, None, None, None, None, None, 'Heart failure', 'Common Cold', 'Influenza', 'Kidney Diseases', 'Coronavirus Infections', 'Disease', 'Seizures', 'Illness (finding)', 'Multiple symptoms', 'Coughing', 'Respiratory distress', 'Nightmares', None, None, None, None, None, None, None]","[None, None, None, None, None, None, None, None, None, None, None, None, None, None, None, None, None, None, None, 'Modest-Temperature Hyperthermia', 'Physical therapy', 'Surgical repair', 'cisplatin/etoposide/mitoxantrone/tamoxifen protocol', 'bleomycin/methotrexate/vincristine protocol', 'Calming', 'Exercise Pain Management', 'Therapeutic procedure', 'Osteogenesis, Distraction', 'Cardiac Lead Procedure', None, None, None, None, None, None, None, None, None, None, None, None, None, None, None, 'Physical therapy', 'Surgical repair', 'Exercise Pain Management', 'Therapeutic procedure', None, None, None]",[None]
95,https://www.medhelp.org/posts/Coronavirus/Would-herd-immunity-increase-faster-if-we-mixed--despite-POSSIBLY-more-deaths/show/3054965,where to get testing az for out-of-state person needing to travel?,cvanrip @cvanrip,8,400.5263158,"['Common Cold', 'Influenza', None, None, None, None]","[None, None, 'Contraceptive methods', 'Therapeutic procedure', 'Cardiac Lead Procedure', None]",[None]
96,https://www.medhelp.org/posts/Coronavirus/Extension-of-Distancing-to-April-30/show/3054371,"taking our minds off things, what are you watching??",januaryjane @januaryjane,154,7700.520833,"['Jet Lag Syndrome', 'Infantile Neuroaxonal Dystrophy', 'Wasting', 'Chronic Headache', 'Influenza', 'Other viral diseases NOS', 'Pyotraumatic dermatitis', 'Coronavirus Infections', 'Tired', 'Signs and Symptoms', 'Sighing respiration', 'Tremor', 'Depressed - symptom', 'chest burning', 'Nervousness', None, None, None, None, None, None, None, None, None, None, None, None, None, None, None, None, None, None, None, None, None]","[None, None, None, None, None, None, None, None, None, None, None, None, None, None, None, 'Transection (procedure)', 'Injection of therapeutic agent', 'Therapeutic tactile stimulation', 'Adoptive Immunotherapy', 'Toilet procedure', 'Incision and drainage', 'Positive End-Expiratory Pressure', 'Bortezomib/Dexamethasone/Pegylated Liposomal Doxorubicin Regimen', 'Exercise Pain Management', 'Therapeutic procedure', 'Discussion (procedure)', None, None, None, None, None, None, None, None, None, None]",[None]
97,https://www.medhelp.org/posts/Coronavirus/Uneasy-throat-from-2-weeksno-cough-or-feverDoI-need-to-get-tested-for-covid-19-/show/3054663,literally caught with my pants down! being prepared & covid,fiesty76 @fiesty76,52,2600.515464,"['Pharyngitis', 'Common Cold', 'Coronavirus Infections', 'Sore Throat', 'Coughing', 'Sore to touch', None, None, None, None, None]","[None, None, None, None, None, None, 'Adoptive Immunotherapy', 'mouthwashes (treatment)', 'Incision and drainage', None, None]",[None]
98,https://www.medhelp.org/posts/Coronavirus/-Coping-with-fear-during-pandemic/show/3054200,sending covid patients to nursing homes in minnesota,ihatediabetes @ihatediabetes,30,1500.510204,"['Chromosome 2q32-Q33 Deletion Syndrome', 'Dwarfism', 'Mass of body region', 'Tired', 'Kidney problem', None, None, None, None, None, None, None, None, None, None]","[None, None, None, None, None, 'Physical therapy exercises', 'Obstetric Delivery', 'Meditation Therapy', 'Yoga', 'Therapeutic tactile stimulation', 'Incision and drainage', 'Distraction training', 'Calming', 'Exercise Pain Management', 'Therapeutic procedure']",[None]
99,https://www.medhelp.org/posts/Coronavirus/Corona-virus-and-habit-changes/show/3054572,"testing, antibodies & convalescent plasma as treatment option?",jdlogan65 @jdlogan65,34,1700.505051,"['Strabismus', 'Chromosome 2q32-Q33 Deletion Syndrome', 'Coughing', None, None, None, None, None, None, None, None, None, None, None]","[None, None, None, 'Transection (procedure)', 'Obstetric Delivery', 'Quarantine', 'Humor therapy', 'Therapeutic tactile stimulation', 'Toilet procedure', None, None, None, None, None]",[None]
100,https://www.medhelp.org/posts/Coronavirus/Covid-19-and-Good-Vibes/show/3054629,how to manage depression during covid19 age?,aliali @aliali,66,3300.5,"['Seizures', 'gastrointestinal gas', None, None, None, None]","[None, None, 'Impulse technique', 'Exercise Pain Management', 'Cardiac Lead Procedure', None]",[None]
101,https://www.medhelp.org/posts/Coronavirus/Incubation--symptom-date--herd-immunity-and-hospitaliization/show/3054713,distancing at home,ozma @ozma,46,2300.49505,"['Arthropathy', 'Coronavirus Infections', 'Signs and Symptoms', None, None]","[None, None, None, 'Release (procedure)', None]",[None]
102,https://www.medhelp.org/posts/Coronavirus/What-should-have-been-done/show/3054869,pregnant and worried,pregnant worried,1,100,"['Common Cold', 'Influenza', 'Cardiac Arrest', 'Coronavirus Infections', None, None, None, None, None, None]","[None, None, None, None, 'nursing therapy', 'Quarantine', 'Interventional procedure', 'Adoptive Immunotherapy', None, None]",[None]
103,https://www.medhelp.org/posts/Coronavirus/Plume-of-Air---Any-Risk/show/3054720,supports for parents/caregivers,boymom 18,3,175,"['Pyotraumatic dermatitis', 'Seizures', 'Coughing', None, None, None, None]","[None, None, None, 'Obstetric Delivery', None, None, None]",[None]
104,https://www.medhelp.org/posts/Coronavirus/Risk-of-transmission-from-covid-on-packaging-from-air-flow/show/3054480,worried about going outside when i need to run errands,notjessica jones,2,116.6666667,"['Pemphigus and fogo selvagem', 'Measles', 'Illness (finding)', None, None, None, None, None, None, None]","[None, None, None, 'answer questions', None, None, None, None, None, None]",[None]
105,https://www.medhelp.org/posts/Coronavirus/Pineapple-corona/show/3054497,talking to family/friends about social distancing,golden 001,2,112.5,"['Ataxia Telangiectasia', 'Coronavirus Infections', None, None]","[None, None, None, None]",[None]
106,https://www.medhelp.org/posts/Coronavirus/UK-doctors-breathing-idea-that-might-save-your-life/show/3054557,stressed about going to work,dreamer 85,1,60,"['Communicable Diseases', 'Coronavirus Infections', 'Coughing', 'Breathing abnormally deep', None, None, None, None, None]","[None, None, None, None, 'Physical therapy exercises', 'Inhalation technique', 'Cardiac Lead Procedure', None, None]",[None]
107,https://www.medhelp.org/posts/Coronavirus/Are-Covid-tests-are-only-70-accurate-at-picking-up-positives--/show/3054538,family workspace stress,at home,5,258.3333333,"['Coronavirus Infections', None, None, None, None]","[None, 'Adoptive Immunotherapy', 'Isolation procedure', None, None]",[None]
108,https://www.medhelp.org/posts/Coronavirus/Whats-next-for-the-Covid19-virus/show/3053987,getting through,chocolate chip,2,107.1428571,"['Gigantism', 'Communicable Diseases', 'Common Cold', 'Respiratory Distress Syndrome, Adult', 'Influenza', 'Chronic Obstructive Airway Disease', 'Gout', 'HIV Infections', 'Measles', 'herpes', 'Cardiac Arrest', 'Herpesviridae Infections', 'Coronavirus Infections', 'Curb', 'Virus Diseases', 'Rheumatoid Arthritis', 'Severe Acute Respiratory Syndrome', 'Lupus Erythematosus', 'Inflammatory disorder', 'Malaria', 'Macrophage Activation Syndrome', 'Weakness', None, None, None, None, None, None, None, None, None, None, None, None, None, None, None, None, None]","[None, None, None, None, None, None, None, None, None, None, None, None, None, None, None, None, None, None, None, None, None, None, 'Treated with', 'Transection (procedure)', 'Clinical Treatment', 'DRUGS', 'Contraceptive methods', 'Dental surgical procedure', 'Placebos', 'Acupuncture and Oriental Medicine', 'Hepatitis B vaccination', 'Release (procedure)', 'Therapeutic procedure', 'Procedures involving the use of pharmaceuticals', None, None, None, None, None]",[None]
109,https://www.medhelp.org/posts/Coronavirus/Is-it-possible-I-have-corona/show/3054285,effects of social/physical-distancing on mood,alone worried,6,306.25,"['Hay fever', 'Myocardial Infarction', 'Asthma', 'Bronchitis', 'Coronavirus Infections', 'Heartburn', 'Chest Pain', 'digestive problem', 'bowel discomfort', 'Chest tightness', 'Coughing', 'Pain', 'Dyspnea', None, None, None]","[None, None, None, None, None, None, None, None, None, None, None, None, None, 'Inhalation Therapy', None, None]",[None]
110,https://www.medhelp.org/posts/Coronavirus/Dear-expert/show/3054293,stressed about parent in nursing home,brooklyn 56,1,55.55555556,"['Hypertensive disease', 'Communicable Diseases', 'Infantile Neuroaxonal Dystrophy', 'Diabetes Mellitus', 'Common Cold', 'Cardiovascular Diseases', 'Influenza', 'Papillon-Lefevre Disease', 'Septicemia', 'Coronavirus Infections', 'Disease', 'Overweight', 'HEART PROBLEM', 'Headache', 'Coughing', None, None, None, None, None, None, None, None, None, None]","[None, None, None, None, None, None, None, None, None, None, None, None, None, None, None, 'Therapeutic tactile stimulation', 'Sterilization for infection control', 'Exercise Pain Management', 'Detection', 'Therapeutic procedure', None, None, None, None, None]",[None]
111,https://www.medhelp.org/posts/Coronavirus/corona-transmission-/show/3054362,working and home schooling,blueberry 14,1,55,"['Coronavirus Infections', 'Coughing', None]","[None, None, None]",[None]
112,https://www.medhelp.org/posts/Coronavirus/losing-taste-and-smell-first-sign-of-covid-19/show/3054422,keeping the custodial staff safe,always mom,5,254.5454545,"['Anosmia', 'Ageusia']","[None, None]",['Ageusia']
113,https://www.medhelp.org/posts/Coronavirus/Covid-risk/show/3054315,nutrition and exercise,cast away,13,654.1666667,"['Fatigue', 'Cough with fever', 'Dyspnea', None, None, None, None]","[None, None, None, 'thai massage', 'Therapeutic procedure', 'Postpartum home visit', None]",[None]
114,https://www.medhelp.org/posts/Coronavirus/How-long-does-corona-virus-live-on-clothes/show/3054510,staying connected,girl mom,6,303.8461538,"['Digitorenocerebral Syndrome', 'Hyperostosis, Diffuse Idiopathic Skeletal', 'SHORT STATURE, ONYCHODYSPLASIA, FACIAL DYSMORPHISM, AND HYPOTRICHOSIS SYNDROME', 'Coronavirus Infections', 'Clouded consciousness', None, None, None, None, None, None, None, None]","[None, None, None, None, None, 'prevention of infection', 'Therapeutic tactile stimulation', 'Bathing', 'Insertion of pack (procedure)', None, None, None, None]",[None]
115,https://www.medhelp.org/posts/Coronavirus/Sore-throat-during-antibiotic-treatment/show/3054210,creative quaratining,harbir parmar,1,53.57142857,"['Sinusitis', 'Goldberg-Shprintzen megacolon syndrome', 'Pharyngitis', 'Respiratory Tract Infections', 'Common Cold', 'cold symptoms', 'Upper Respiratory Infections', 'Coronavirus Infections', 'Rhinorrhea', 'Nasal congestion (finding)', 'Illness (finding)', 'Sore Throat', 'Dry cough', 'Dyspnea', None, None, None]","[None, None, None, None, None, None, None, None, None, None, None, None, None, None, 'Adoptive Immunotherapy', 'cisplatin/etoposide/mitoxantrone/tamoxifen protocol', None]",[None]
116,https://www.medhelp.org/posts/Coronavirus/How-many-are-staying-at-home-Social-distancing-Isolating-Self-quaranting/show/3054194,maintaining progress while feeling overwhelmed,elephants rock,4,203.3333333,"['Hepatic methionine adenosyltransferase deficiency', 'Communicable Diseases', 'Spastic syndrome', 'Cerebellar decompression injury', 'Pemphigus and fogo selvagem', 'Measles', 'HIV Infections', 'Catch - Finding of sensory dimension of pain', 'Myalgia', 'Gait, Drop Foot', 'Coughing', 'Sighing respiration', 'Pain', None, None, None, None, None, None, None, None, None, None, None, None, None, None, None, None]","[None, None, None, None, None, None, None, None, None, None, None, None, None, 'Physical therapy exercises', 'Quarantine', 'Adoptive Immunotherapy', 'Yoga', 'Incision and drainage', 'Reminding', 'Isolation procedure', 'Exercise Pain Management', 'Therapeutic procedure', 'Removal by grinding', None, None, None, None, None, None]",[None]
117,https://www.medhelp.org/posts/Coronavirus/Should-I-be-worried/show/3054205,seeing or talking to doctors regularly?,shark attack56,1,53.125,"['Pharyngitis', 'Common Cold', 'Influenza', 'Coronavirus Infections', 'Rhinorrhea', 'Nasal congestion (finding)', 'Ache', 'Sore Throat', 'Coughing', 'Pain', None, None, None]","[None, None, None, None, None, None, None, None, None, None, 'Pain relief', 'mouthwashes (treatment)', None]",[None]
118,https://www.medhelp.org/posts/Coronavirus/sudden-overnight-bloodshot-eye/show/3054286,how much screen time?,guitar girl,1,52.94117647,"['Infantile Neuroaxonal Dystrophy', 'Common Cold', 'Influenza', 'Chronic Obstructive Airway Disease', 'Respiration Disorders', 'Coronavirus Infections', 'Syncope, Cardiogenic', 'Dry cough', 'Coughing', 'Pain', 'Bloodshot eye', 'Redness of eye', 'Sore to touch', 'Dyspnea', None, None, None]","[None, None, None, None, None, None, None, None, None, None, None, None, None, None, 'Incision and drainage', None, None]",[None]
119,https://www.medhelp.org/posts/Coronavirus/I-started-to-have-mild-fever-every-afternoon-before-the-onset-of-Coronavirus-/show/3054037,positive side of things?,cactus 1994,2,102.7777778,"['Sinusitis', 'Communicable Diseases', 'Goldberg-Shprintzen megacolon syndrome', 'Pharyngitis', 'Herpes Labialis', 'Common Cold', 'cold symptoms', 'Myocardial Infarction', 'Coronavirus Infections', 'Virus Diseases', 'Gasping for breath', 'Chest Pain', 'Nocturnal cough', 'Headache', 'panic symptoms', 'Flushing', 'Pain', 'Nasal congestion (finding)', 'Sore Throat', 'Dizziness', 'Has tingling sensation', 'Coughing', 'Clouded consciousness', 'Dyspnea', None, None, None, None]","[None, None, None, None, None, None, None, None, None, None, None, None, None, None, None, None, None, None, None, None, None, None, None, None, 'Incision and drainage', None, None, None]",[None]
120,https://www.medhelp.org/posts/Coronavirus/Do-Certain-Blood-Types-Make-You-More-or-Less-Likely-To-Get-Covid/show/3054156,anxiety,s kau,1,52.63157895,"['Communicable Diseases', 'Immune System Diseases', 'HIV Infections', 'Hepatitis C', 'Coronavirus Infections', 'Diarrhea', 'Vomiting', 'Catch - Finding of sensory dimension of pain', 'Weakness', 'Coughing', None, None, None, None, None, None, None, None]","[None, None, None, None, None, None, None, None, None, None, 'Disinfection', 'Incision and drainage', 'gene therapy', 'Isolation procedure', 'Exercise Pain Management', None, None, None]",[None]
121,https://www.medhelp.org/posts/Coronavirus/COVID-19-Lung-Damage/show/3054163,work,maria-grazia dragonetti,4,202.5,"['Hepatitis C', 'Coronavirus Infections', None]","[None, None, None]",[None]
122,https://www.medhelp.org/posts/Coronavirus/Dealing-with-anxiety-and-depression-associated-with-corona-virus-covid-19/show/3054004,payroll,george hockey,1,52.38095238,"['Infantile Neuroaxonal Dystrophy', 'Severe Acute Respiratory Syndrome', 'Digitorenocerebral Syndrome', 'Migraine Variant', 'Influenza', 'Coronavirus Infections', 'Seizures', 'impending doom', None, None, None, None, None, None, None, None, None, None, None, None, None, None, None]","[None, None, None, None, None, None, None, None, 'Quarantine', 'Therapeutic tactile stimulation', 'Reparative closure', 'Prophylactic treatment', 'Exercise Pain Management', 'Therapeutic procedure', 'Cardiac Lead Procedure', None, None, None, None, None, None, None, None]",[None]
123,https://www.medhelp.org/posts/Coronavirus/Article-says-olfactory-issues-may-be-the-first-symptom-people-should-look-for/show/3054175,being pressured to work at the office,dotdot exclamationpoint,3,152.2727273,"['Meckel syndrome type 1', 'Hyperostosis, Diffuse Idiopathic Skeletal', 'Coronavirus Infections', 'Disease', 'Signs and Symptoms, Respiratory', 'Coughing', None, None, None, None, None]","[None, None, None, None, None, None, 'Interventional procedure', None, None, None, None]",[None]
124,https://www.medhelp.org/posts/Coronavirus/breathing-issues-for-a-long-time-scared-Im-going-to-die-please-respond-asap/show/3054176,feeling down,cr r,4,202.173913,"['Obesity', 'Gastroesophageal reflux disease', 'Pulmonary Emphysema', 'Acquired Immunodeficiency Syndrome', 'Myocardial Infarction', 'Chronic Obstructive Airway Disease', 'Mild chronic obstructive pulmonary disease', 'Coronavirus Infections', 'Constipation', 'Overweight', 'Catch - Finding of sensory dimension of pain', 'Coughing', 'Pain', None, None, None, None, None, None, None, None, None, None, None]","[None, None, None, None, None, None, None, None, None, None, None, None, None, 'fluorouracil/melphalan/tamoxifen', 'Incision and drainage', 'Exercise Pain Management', 'Emergency Care', 'cold turkey', None, None, None, None, None, None]",[None]
125,https://www.medhelp.org/posts/Coronavirus/Healthy-immune-system-for-Corona-Virus/show/3053936,what do i do?,ihave aquestion,2,102.0833333,"['Hypertensive disease', 'Scurvy', 'Plague', 'Dehydration', 'Respiratory Distress Syndrome, Adult', 'Influenza', 'Staring', 'Cardiac Arrest', 'Septicemia', 'Coronavirus Infections', 'Virus Diseases', 'Chromosome 2q32-Q33 Deletion Syndrome', 'Coronary heart disease', 'Disease', 'Diarrhea', 'Weakness', None, None, None, None, None, None, None, None, None, None, None]","[None, None, None, None, None, None, None, None, None, None, None, None, None, None, None, None, 'Transection (procedure)', 'Childhood Immunization', 'Incision and drainage', 'Exercise Pain Management', 'Discussion (procedure)', 'Therapeutic procedure', 'Cardiac Lead Procedure', None, None, None, None]",[None]
126,https://www.medhelp.org/posts/Coronavirus/What-qualifies-as-high-risk--exactly/show/3054128,staying positive,n u,2,102,"['Heart Diseases', 'Severe Acute Respiratory Syndrome', 'Diabetes Mellitus', 'Influenza', 'Coronavirus Infections', 'HEART PROBLEM', 'Death anxiety', None, None, None]","[None, None, None, None, None, None, None, 'Pharmacotherapy', None, None]",[None]
127,https://www.medhelp.org/posts/Coronavirus/Mitral-regurgitation----am-I-at-risk-with-COVID-19/show/3054129,can time fly by?,summer girl20,6,301.9230769,"['Mitral Valve Prolapse Syndrome', 'Acute viral disease', 'Communicable Diseases', 'Aplasia Cutis Congenita', 'Atherosclerosis', 'Influenza', 'Cardiovascular Diseases', 'Septicemia', 'Coronavirus Infections', 'Congestive heart failure', 'Disease', 'Seizures', None, None, None, None]","[None, None, None, None, None, None, None, None, None, None, None, None, 'Adoptive Immunotherapy', None, None, None]",[None]
128,https://www.medhelp.org/posts/Coronavirus/How-Coronavirus-Kills-Acute-Respiratory-Distress-Syndrome-ARDS/show/3054104,neighbours not isolating,the dude abides,3,151.8518519,"['Sepsis', 'Severe Acute Respiratory Syndrome', 'Lupus Erythematosus', 'Respiratory Distress Syndrome, Adult', 'Blood Coagulation Disorders', 'Coronavirus Infections', 'Bacterial Infections', None, None, None, None]","[None, None, None, None, None, None, None, 'Rx therapy', None, None, None]",[None]
129,https://www.medhelp.org/posts/Coronavirus/Sheltering-in-place--what-do-you-wish-you-had-more-of/show/3054099,having to stay home,mya mya,1,51.78571429,"['Curb', None, None, None, None]","[None, 'Obstetric Delivery', 'Dressing of skin or wound', 'Insertion of pack (procedure)', None]",[None]
130,https://www.medhelp.org/posts/Coronavirus/Anyone-else-high-risk-What-are-you-doing-now/show/3054098,how long will this go on for?,pauly p,9,451.7241379,"['BESTROPHINOPATHY, AUTOSOMAL RECESSIVE', 'Common Cold', 'Coughing', None, None, None, None]","[None, None, None, 'Obstetric Delivery', None, None, None]",[None]
131,https://www.medhelp.org/posts/Coronavirus/This-thread-is-for-people-with-questions-and-info-about-how-you-get-infected-/show/3054069,great time for deep reflections!~,gary goodwin,7,351.6666667,"['Coronavirus Infections', 'Coughing', 'Clouded consciousness', None, None, None, None, None, None, None]","[None, None, None, 'Therapeutic tactile stimulation', 'Isolation procedure', None, None, None, None, None]",[None]
132,https://www.medhelp.org/posts/Coronavirus/Digestive-issues-diarrhea-due-to-Coronavirus/show/3054127,"i need help, i have no supports",cactus 1994,4,201.6129032,"['Anorexia', 'Ataxia Telangiectasia', 'Hepatitis A', 'Hepatitis B, Chronic', 'Coronavirus Infections', 'Fever with chills', 'Diarrhea', 'Nasal congestion (finding)', 'Fatigue', 'Digestive symptom', 'Signs and Symptoms, Respiratory', 'Coughing']","[None, None, None, None, None, None, None, None, None, None, None, None]",['Coughing']
133,https://www.medhelp.org/posts/Coronavirus/Am-I-High-Risk-for-Covid19-I-am-a-diabetic-who-had-a-septic-blood-infection-5-years-ago/show/3053981,higher risk = higher panic,ethel luna,1,51.5625,"['Communicable Diseases', 'Heart Diseases', 'Goldberg-Shprintzen megacolon syndrome', 'Diabetes Mellitus', 'Lung diseases', 'Chronic disease', 'Septicemia', 'Coronavirus Infections', 'Exanthema', 'Catch - Finding of sensory dimension of pain', None, None, None, None]","[None, None, None, None, None, None, None, None, None, None, 'Incision and drainage', None, None, None]",[None]
134,https://www.medhelp.org/posts/Coronavirus/Is-coronavirus-transmitted-through-blood-/show/3054400,feeling down,cr r,10,501.5151515,"['Coronavirus Infections', 'Coughing', None, None, None, None, None]","[None, None, 'Therapeutic tactile stimulation', None, None, None, None]",[None]
135,https://www.medhelp.org/posts/Coronavirus/corona/show/3054073,help! can't get my antidepressant anymore!!! nardil,butterflyna i am,8,401.4705882,"['flu symptoms', 'Influenza', 'Coronavirus Infections', 'Dyspnea', None]","[None, None, None, None, 'Spatial guidance for medical procedure']",[None]
136,https://www.medhelp.org/posts/Coronavirus/Children-and-grandparents-/show/3054014,pandemic help,basketball11 love101,1,51.42857143,"['Communicable Diseases', 'Influenza', 'Chromosome 2q32-Q33 Deletion Syndrome', 'Coronavirus Infections', 'Signs and Symptoms', None, None, None, None, None, None, None, None, None]","[None, None, None, None, None, 'prevention of infection', 'Step ups', 'Reparative closure', 'answer questions', 'Discussion (procedure)', None, None, None, None]",[None]
137,https://www.medhelp.org/posts/Coronavirus/Question-about-Diethyl-ether/show/3054181,addiction and mental health during this pandemic,zeriah sawyer-dodge,1,51.38888889,"['Breathing abnormally deep', None, None, None, None, None, None, None, None]","[None, 'Administration procedure', 'Adoptive Immunotherapy', 'Sedation procedure', 'Prophylactic treatment', 'Excision', None, None, None]",[None]
138,https://www.medhelp.org/posts/Coronavirus/Just-having-cold-is-that-symtom-of-corona-covid-19/show/3053995,"meditation, mindfulness and stress relieving techniques",duchess of toronto,11,551.3513514,"['Allergic disposition', 'Pharyngitis', 'Common Cold', 'Influenza', 'Coronavirus Infections', 'Disease', 'Rhinorrhea', 'Nasal congestion (finding)', 'Ache', 'Diarrhea', 'Sore Throat', 'Dry cough', 'Headache', 'Coughing', 'Pain', 'Dyspnea']","[None, None, None, None, None, None, None, None, None, None, None, None, None, None, None, None]",['Dyspnea']
